batch,channel,treatment,animal_id,note
Batch_1,1,CAG_eGFP,449381,injection table (user-confirmed)
Batch_1,2,CAG_eGFP,449382,injection table (user-confirmed)
Batch_1,3,CAG_eGFP,449383,injection table (user-confirmed)
Batch_1,4,RAM_GDNF,449384,injection table (user-confirmed)
Batch_1,5,RAM_GDNF,449385,injection table (user-confirmed)
Batch_1,6,RAM_GDNF,449386,injection table (user-confirmed)
Batch_1,7,CAG_GDNF,449387,injection table (user-confirmed)
Batch_1,8,CAG_GDNF,449388,injection table (user-confirmed)
Batch_2,1,CAG_eGFP,450916,
Batch_2,2,CAG_eGFP,450917,
Batch_2,3,CAG_eGFP,450093,
Batch_2,4,RAM_GDNF,450094,
Batch_2,5,RAM_GDNF,450095,
Batch_2,6,RAM_GDNF,450096,
Batch_2,7,CAG_GDNF,450097,
Batch_2,8,CAG_GDNF,450098,
Batch_3,1,RAM_GDNF,459657,
Batch_3,2,RAM_GDNF,459658,
Batch_3,3,CAG_GDNF,459659,
Batch_3,4,CAG_GDNF,459660,
Batch_3,5,CAG_GDNF,459661,
Batch_3,6,CAG_eGFP,459662,
Batch_3,7,CAG_eGFP,459663,
Batch_3,8,CAG_eGFP,459664,
Batch_4,1,CAG_eGFP,483551,Channel_N column (user screenshot)
Batch_4,2,CAG_eGFP,483552,Channel_N column (user screenshot)
Batch_4,3,CAG_eGFP,483550,Channel_N column (user screenshot)
Batch_4,4,RAM_GDNF,483553,Channel_N column (user screenshot)
Batch_4,5,RAM_GDNF,483554,Channel_N column (user screenshot)
Batch_4,6,RAM_GDNF,483555,Channel_N column (user screenshot)
Batch_4,7,CAG_GDNF,483557,Channel_N column (user screenshot)
Batch_4,8,CAG_GDNF,483559,Channel_N column (user screenshot)
Batch_4,(none),,483549,EXCLUDED: died after kainate
Batch_4,(none),,483556,EXCLUDED: died after virus injection
Batch_4,(none),,483558,EXCLUDED: not implanted
Batch_4,(none),,483560,EXCLUDED: negative control - no kainate/virus
