thr,bnd,conv_thr,det,hits,n_gt,recall,tp,fp,precision,f1,fired_on,med_iou,med_dur_s
0.95,0.5,0.6,1999,61,221,0.27601809954751133,67,153,0.30454545454545456,0.2895808977220392,0.6330935251798561,0.4456221624154223,9.511999999999716
0.9,0.5,0.6,4207,64,221,0.2895927601809955,76,190,0.2857142857142857,0.2876404494382023,0.6875642343268242,0.4636035822244788,11.072000000000116
0.8,0.5,0.6,6516,64,221,0.2895927601809955,77,214,0.2646048109965636,0.2765354507449286,0.7019527235354573,0.5109046948797954,12.228000000000065
0.9,0.3,0.6,4827,65,221,0.29411764705882354,77,245,0.2391304347826087,0.2637889688249401,0.7297019527235354,0.49438007396106504,12.945999999999913
0.7,0.3,0.6,8521,65,221,0.29411764705882354,81,293,0.21657754010695188,0.24946104096088695,0.7461459403905447,0.5710464152370784,13.431999999999789
0.95,0.5,0.45,5282,124,221,0.5610859728506787,138,837,0.14153846153846153,0.22605318432211788,0.7882836587872559,0.42690348837210634,10.127999999999929
0.5,0.1,0.6,12153,73,221,0.33031674208144796,92,463,0.16576576576576577,0.2207504067579338,0.789311408016444,0.7097804965749659,15.74799999999999
0.5,0.1,0.8,280,28,221,0.12669683257918551,42,20,0.6774193548387096,0.21346886912325286,0.14799588900308325,0.5291839077729571,19.018000000000086
0.9,0.3,0.8,138,27,221,0.12217194570135746,36,12,0.75,0.2101167315175097,0.0986639260020555,0.36671555719921634,13.572000000000003
0.7,0.3,0.8,201,27,221,0.12217194570135746,39,16,0.7090909090909091,0.20843230403800472,0.11921891058581706,0.4368763182907573,14.300000000000182
0.9,0.5,0.45,9162,140,221,0.6334841628959276,170,1285,0.11683848797250859,0.19728934388858954,0.8324768756423433,0.4284931944944947,11.419999999999959
0.9,0.5,0.8,122,25,221,0.11312217194570136,33,10,0.7674418604651163,0.19717973231357552,0.08941418293936279,0.33266766729108327,12.100000000000136
0.8,0.5,0.8,153,25,221,0.11312217194570136,34,12,0.7391304347826086,0.19621421975992615,0.10277492291880781,0.4038506462157177,13.012000000000057
0.95,0.5,0.3,7279,140,221,0.6334841628959276,164,1280,0.11357340720221606,0.19261421788225028,0.8304213771839671,0.4038506462157177,10.027999999999793
0.95,0.5,0.2,7669,142,221,0.6425339366515838,168,1328,0.11229946524064172,0.19118448469305976,0.8396711202466598,0.4038506462157177,10.127999999999929
0.95,0.5,0.1,7717,142,221,0.6425339366515838,168,1331,0.11207471647765177,0.19085868808653286,0.8396711202466598,0.4038506462157177,10.127999999999929
0.95,0.5,0.0,7718,142,221,0.6425339366515838,168,1331,0.11207471647765177,0.19085868808653286,0.8396711202466598,0.4038506462157177,10.127999999999929
0.95,0.5,0.8,82,23,221,0.10407239819004525,28,10,0.7368421052631579,0.1823845935995469,0.06783144912641316,0.31610599999998595,11.419999999999959
0.8,0.5,0.45,12450,144,221,0.6515837104072398,180,1536,0.1048951048951049,0.18070021332664074,0.8406988694758479,0.45018241880011345,12.271999999999935
0.9,0.3,0.45,12033,152,221,0.6877828054298643,181,1755,0.09349173553719008,0.16460797013219736,0.8478931140801644,0.48728478028004996,13.190000000000055
0.9,0.5,0.2,13052,164,221,0.7420814479638009,218,2279,0.08730476571886263,0.15622937996792563,0.8879753340184995,0.41904668094116787,11.419999999999959
0.9,0.5,0.1,13143,164,221,0.7420814479638009,218,2290,0.08692185007974482,0.15561600905351586,0.8879753340184995,0.41904668094116787,11.419999999999959
0.9,0.5,0.0,13145,164,221,0.7420814479638009,218,2290,0.08692185007974482,0.15561600905351586,0.8879753340184995,0.41904668094116787,11.419999999999959
0.9,0.5,0.3,12422,159,221,0.7194570135746606,209,2194,0.0869746150645027,0.1551885977406565,0.8725590955806783,0.41899821847605034,11.371999999999957
0.7,0.3,0.45,18084,160,221,0.7239819004524887,200,2320,0.07936507936507936,0.1430487259722843,0.8571428571428571,0.5666777572706185,13.611999999999966
0.8,0.5,0.2,17119,174,221,0.7873303167420814,237,2792,0.07824364476724992,0.1423416053556728,0.8972250770811921,0.4284931944944947,12.25200000000001
0.8,0.5,0.1,17245,174,221,0.7873303167420814,237,2809,0.0778069599474721,0.14161863110231962,0.8982528263103803,0.4284931944944947,12.25200000000001
0.8,0.5,0.0,17247,174,221,0.7873303167420814,237,2809,0.0778069599474721,0.14161863110231962,0.8982528263103803,0.4284931944944947,12.25200000000001
0.8,0.5,0.3,16371,169,221,0.7647058823529411,227,2685,0.0779532967032967,0.14148387870070717,0.8787255909558068,0.42809410827177086,12.240000000000038
0.5,0.1,0.95,89,17,221,0.07692307692307693,28,4,0.875,0.14141414141414144,0.0565262076053443,0.5174971435267943,19.95600000000013
0.8,0.5,0.95,62,16,221,0.07239819004524888,24,1,0.96,0.13464235624123425,0.041109969167523124,0.36610671007964524,13.380000000000052
0.9,0.5,0.95,51,16,221,0.07239819004524888,23,1,0.9583333333333334,0.13462593744283885,0.03905447070914697,0.32659032625724826,12.748000000000218
0.7,0.3,0.95,80,16,221,0.07239819004524888,26,2,0.9285714285714286,0.13432353890862128,0.04933196300102775,0.39865962672411415,15.259999999999877
0.9,0.3,0.95,57,16,221,0.07239819004524888,24,2,0.9230769230769231,0.1342657342657343,0.04316546762589928,0.39865962672411415,15.259999999999877
0.9,0.3,0.3,16599,177,221,0.8009049773755657,226,3019,0.06964560862865947,0.1281476699913985,0.8890030832476875,0.46883284253642754,13.213999999999999
0.9,0.3,0.2,17456,181,221,0.8190045248868778,235,3152,0.06938293475051668,0.127928274750294,0.9033915724563206,0.4710358019466815,13.273999999999887
0.9,0.3,0.1,17596,181,221,0.8190045248868778,235,3171,0.06899588960657663,0.12727008876142432,0.9044193216855088,0.4710358019466815,13.273999999999887
0.9,0.3,0.0,17600,181,221,0.8190045248868778,235,3171,0.06899588960657663,0.12727008876142432,0.9044193216855088,0.4710358019466815,13.273999999999887
0.95,0.5,0.95,28,14,221,0.06334841628959276,19,1,0.95,0.11877651261442286,0.023638232271325797,0.31704919829502753,12.524000000000228
0.5,0.1,0.45,29257,176,221,0.7963800904977375,217,3486,0.05860113421550094,0.10916912610674803,0.8890030832476875,0.7117161478131875,16.596000000000004
0.7,0.3,0.3,24465,186,221,0.8416289592760181,253,4257,0.05609756097560976,0.10518421990828958,0.8992805755395683,0.5105167258749228,13.591999999999985
0.7,0.3,0.2,25605,189,221,0.8552036199095022,263,4451,0.05579126007636827,0.10474896977985795,0.9157245632065776,0.5215778085991679,13.888000000000147
0.7,0.3,0.1,25826,189,221,0.8552036199095022,263,4486,0.055380080016845655,0.1040239242259994,0.9177800616649537,0.5215778085991679,13.888000000000147
0.7,0.3,0.0,25836,189,221,0.8552036199095022,263,4487,0.05536842105263158,0.10400335609437655,0.9177800616649537,0.5215778085991679,13.888000000000147
0.5,0.1,0.3,41581,208,221,0.9411764705882353,285,6977,0.039245386945744976,0.07534886026586911,0.935251798561151,0.683854930648625,17.392000000000053
0.5,0.1,0.2,44020,211,221,0.9547511312217195,295,7425,0.03821243523316062,0.07348379537398582,0.9558067831449126,0.68941354736256,17.56399999999985
0.5,0.1,0.1,44539,211,221,0.9547511312217195,295,7526,0.03771896176959468,0.07257089492639147,0.9568345323741008,0.68941354736256,17.56399999999985
0.5,0.1,0.0,44597,211,221,0.9547511312217195,295,7534,0.03768041895516669,0.07249955448502546,0.9568345323741008,0.68941354736256,17.56399999999985
