path,n
/lunarc/nobackup/projects/lu2026-2-60/RAM_GDNF_2025/Batch_2_Recordings/Week_2/EDF and Dat Files/W2_D5/B2_W2_D5_07112025(9).edf,5
/lunarc/nobackup/projects/lu2026-2-60/RAM_GDNF_2025/Batch_2_Recordings/Week_3/EDF and Dat Files/W3_D6/B2_W3_D6_15112025(16).edf,3
/lunarc/nobackup/projects/lu2026-2-60/RAM_GDNF_2025/Batch_2_Recordings/Week_3/EDF and Dat Files/W3_D2/B2_W3_D2_11112025(13).edf,3
/lunarc/nobackup/projects/lu2026-2-60/RAM_GDNF_2025/Batch_2_Recordings/Week_3/EDF and Dat Files/W3_D3/B2_W3_D3_12112025(10).edf,3
/lunarc/nobackup/projects/lu2026-2-60/RAM_GDNF_2025/Batch_2_Recordings/Week_3/EDF and Dat Files/W3_D7/B2_W3_D7_16112025(14).edf,4
/lunarc/nobackup/projects/lu2026-2-60/RAM_GDNF_2025/Batch_2_Recordings/Week_1/EDF and Dat files/W1_D1/B2_W1_D1_27102025(12).edf,3
/lunarc/nobackup/projects/lu2026-2-60/RAM_GDNF_2025/Batch_2_Recordings/Week_3/EDF and Dat Files/W3_D4/B2_W3_D4_13112025(12).edf,3
/lunarc/nobackup/projects/lu2026-2-60/RAM_GDNF_2025/Batch_2_Recordings/Week_1/EDF and Dat files/W1_D3/B2_W1_D3_29102025(6).edf,3
/lunarc/nobackup/projects/lu2026-2-60/RAM_GDNF_2025/Batch_2_Recordings/Week_1/EDF and Dat files/W1_D4/B2_W1_D4_30102025(15).edf,3
/lunarc/nobackup/projects/lu2026-2-60/RAM_GDNF_2025/Batch_2_Recordings/Week_2/EDF and Dat Files/W2_D5/B2_W2_D5_07112025(11).edf,7
