stem,pending,confirmed,channels,max_conf,edf
B3_W3_D8_07022026(15),19,0,6,0.363,/lunarc/nobackup/projects/lu2026-2-60/RAM_GDNF_2025/Batch_3_Recordings/Week_3/EDF and Dat files/W3_D7/B3_W3_D8_07022026(15).edf
B3_W3_D7_06022026(6),17,0,"1,2,5,7",0.848,/lunarc/nobackup/projects/lu2026-2-60/RAM_GDNF_2025/Batch_3_Recordings/Week_3/EDF and Dat files/W3_D6/B3_W3_D7_06022026(6).edf
B3_W3_D8_07022026(9),15,0,2,0.868,/lunarc/nobackup/projects/lu2026-2-60/RAM_GDNF_2025/Batch_3_Recordings/Week_3/EDF and Dat files/W3_D7/B3_W3_D8_07022026(9).edf
B3_W3_D8_07022026(17),10,0,"1,6",0.564,/lunarc/nobackup/projects/lu2026-2-60/RAM_GDNF_2025/Batch_3_Recordings/Week_3/EDF and Dat files/W3_D7/B3_W3_D8_07022026(17).edf
B3_W3_D7_06022026(9),9,0,"1,2",0.829,/lunarc/nobackup/projects/lu2026-2-60/RAM_GDNF_2025/Batch_3_Recordings/Week_3/EDF and Dat files/W3_D6/B3_W3_D7_06022026(9).edf
B3_W3_D7_06022026(7),9,0,"1,2,7",0.827,/lunarc/nobackup/projects/lu2026-2-60/RAM_GDNF_2025/Batch_3_Recordings/Week_3/EDF and Dat files/W3_D6/B3_W3_D7_06022026(7).edf
B3_W3_D4_03022026(8),7,0,"0,2",0.814,/lunarc/nobackup/projects/lu2026-2-60/RAM_GDNF_2025/Batch_3_Recordings/Week_3/EDF and Dat files/W3_D3/B3_W3_D4_03022026(8).edf
B3_W3_D7_06022026(4),7,0,"1,2,7",0.837,/lunarc/nobackup/projects/lu2026-2-60/RAM_GDNF_2025/Batch_3_Recordings/Week_3/EDF and Dat files/W3_D6/B3_W3_D7_06022026(4).edf
B3_W3_D7_06022026(11),7,0,"1,2",0.873,/lunarc/nobackup/projects/lu2026-2-60/RAM_GDNF_2025/Batch_3_Recordings/Week_3/EDF and Dat files/W3_D6/B3_W3_D7_06022026(11).edf
B3_W3_D3_02022026(10),6,0,2,0.854,/lunarc/nobackup/projects/lu2026-2-60/RAM_GDNF_2025/Batch_3_Recordings/Week_3/EDF and Dat files/W3_D2/B3_W3_D3_02022026(10).edf
B3_W1_D4_17012026(13),6,0,"0,4",0.739,/lunarc/nobackup/projects/lu2026-2-60/RAM_GDNF_2025/Batch_3_Recordings/Week_1/B3_W1_edf and dat files/W1_D4/B3_W1_D4_17012026(13).edf
B3_W3_D7_06022026(8),6,1,"0,2,7",0.857,/lunarc/nobackup/projects/lu2026-2-60/RAM_GDNF_2025/Batch_3_Recordings/Week_3/EDF and Dat files/W3_D6/B3_W3_D7_06022026(8).edf
B3_W3_D3_02022026(12),6,1,2,0.87,/lunarc/nobackup/projects/lu2026-2-60/RAM_GDNF_2025/Batch_3_Recordings/Week_3/EDF and Dat files/W3_D2/B3_W3_D3_02022026(12).edf
B3_W3_D7_06022026(10),6,1,"0,1,2,7",0.724,/lunarc/nobackup/projects/lu2026-2-60/RAM_GDNF_2025/Batch_3_Recordings/Week_3/EDF and Dat files/W3_D6/B3_W3_D7_06022026(10).edf
B3_W3_D8_07022026(8),5,0,"0,1,2",0.776,/lunarc/nobackup/projects/lu2026-2-60/RAM_GDNF_2025/Batch_3_Recordings/Week_3/EDF and Dat files/W3_D7/B3_W3_D8_07022026(8).edf
B3_W3_D5_04022026(8),5,0,2,0.858,/lunarc/nobackup/projects/lu2026-2-60/RAM_GDNF_2025/Batch_3_Recordings/Week_3/EDF and Dat files/W3_D4/B3_W3_D5_04022026(8).edf
B3_W3_D6_05022026(6),5,0,2,0.76,/lunarc/nobackup/projects/lu2026-2-60/RAM_GDNF_2025/Batch_3_Recordings/Week_3/EDF and Dat files/W3_D5/B3_W3_D6_05022026(6).edf
B3_W3_D4_03022026(7),5,0,"2,3",0.856,/lunarc/nobackup/projects/lu2026-2-60/RAM_GDNF_2025/Batch_3_Recordings/Week_3/EDF and Dat files/W3_D3/B3_W3_D4_03022026(7).edf
B3_W1_D4_17012026(12),4,0,"0,6",0.786,/lunarc/nobackup/projects/lu2026-2-60/RAM_GDNF_2025/Batch_3_Recordings/Week_1/B3_W1_edf and dat files/W1_D4/B3_W1_D4_17012026(12).edf
B3_W3_D8_07022026(16),4,0,"0,1,6",0.346,/lunarc/nobackup/projects/lu2026-2-60/RAM_GDNF_2025/Batch_3_Recordings/Week_3/EDF and Dat files/W3_D7/B3_W3_D8_07022026(16).edf
B3_W3_D7_06022026(5),4,0,"1,2",0.601,/lunarc/nobackup/projects/lu2026-2-60/RAM_GDNF_2025/Batch_3_Recordings/Week_3/EDF and Dat files/W3_D6/B3_W3_D7_06022026(5).edf
B3_W1_D2_15012026(12),4,0,"0,4",0.674,/lunarc/nobackup/projects/lu2026-2-60/RAM_GDNF_2025/Batch_3_Recordings/Week_1/B3_W1_edf and dat files/W1_D2/B3_W1_D2_15012026(12).edf
B3_W3_D6_05022026(7),4,0,"0,2,7",0.79,/lunarc/nobackup/projects/lu2026-2-60/RAM_GDNF_2025/Batch_3_Recordings/Week_3/EDF and Dat files/W3_D5/B3_W3_D6_05022026(7).edf
B3_W1_D3_16012026(16),4,0,6,0.789,/lunarc/nobackup/projects/lu2026-2-60/RAM_GDNF_2025/Batch_3_Recordings/Week_1/B3_W1_edf and dat files/W1_D3/B3_W1_D3_16012026(16).edf
B3_W3_D4_03022026(4),4,0,"0,2",0.741,/lunarc/nobackup/projects/lu2026-2-60/RAM_GDNF_2025/Batch_3_Recordings/Week_3/EDF and Dat files/W3_D3/B3_W3_D4_03022026(4).edf
B3_W3_D4_03022026(10),4,0,2,0.852,/lunarc/nobackup/projects/lu2026-2-60/RAM_GDNF_2025/Batch_3_Recordings/Week_3/EDF and Dat files/W3_D3/B3_W3_D4_03022026(10).edf
B3_W3_D8_07022026(11),4,0,"1,2,6",0.745,/lunarc/nobackup/projects/lu2026-2-60/RAM_GDNF_2025/Batch_3_Recordings/Week_3/EDF and Dat files/W3_D7/B3_W3_D8_07022026(11).edf
B3_W1_D4_17012026(8),4,1,"0,6",0.769,/lunarc/nobackup/projects/lu2026-2-60/RAM_GDNF_2025/Batch_3_Recordings/Week_1/B3_W1_edf and dat files/W1_D4/B3_W1_D4_17012026(8).edf
B3_W3_D8_07022026(12),4,0,"1,2,6",0.837,/lunarc/nobackup/projects/lu2026-2-60/RAM_GDNF_2025/Batch_3_Recordings/Week_3/EDF and Dat files/W3_D7/B3_W3_D8_07022026(12).edf
B3_W3_D4_03022026(9),4,1,2,0.726,/lunarc/nobackup/projects/lu2026-2-60/RAM_GDNF_2025/Batch_3_Recordings/Week_3/EDF and Dat files/W3_D3/B3_W3_D4_03022026(9).edf
B3_W1_D4_17012026(5),4,3,"0,6",0.717,/lunarc/nobackup/projects/lu2026-2-60/RAM_GDNF_2025/Batch_3_Recordings/Week_1/B3_W1_edf and dat files/W1_D4/B3_W1_D4_17012026(5).edf
B3_W2_D4_24012026(7),4,1,2,0.422,/lunarc/nobackup/projects/lu2026-2-60/RAM_GDNF_2025/Batch_3_Recordings/Week_2/B3_W2_edf and dat files/W2_D4/B3_W2_D4_24012026(7).edf
B3_W2_D5_25012026(14),4,0,"0,2",0.659,/lunarc/nobackup/projects/lu2026-2-60/RAM_GDNF_2025/Batch_3_Recordings/Week_2/B3_W2_edf and dat files/W2_D5/B3_W2_D5_25012026(14).edf
B3_W3_D8_07022026(2),4,0,"1,5",0.5,/lunarc/nobackup/projects/lu2026-2-60/RAM_GDNF_2025/Batch_3_Recordings/Week_3/EDF and Dat files/W3_D7/B3_W3_D8_07022026(2).edf
B3_W1_D4_17012026(10),3,0,"0,6",0.708,/lunarc/nobackup/projects/lu2026-2-60/RAM_GDNF_2025/Batch_3_Recordings/Week_1/B3_W1_edf and dat files/W1_D4/B3_W1_D4_17012026(10).edf
B3_W3_D5_04022026(9),3,1,2,0.849,/lunarc/nobackup/projects/lu2026-2-60/RAM_GDNF_2025/Batch_3_Recordings/Week_3/EDF and Dat files/W3_D4/B3_W3_D5_04022026(9).edf
B3_W1_D3_16012026(14),3,0,"4,6",0.464,/lunarc/nobackup/projects/lu2026-2-60/RAM_GDNF_2025/Batch_3_Recordings/Week_1/B3_W1_edf and dat files/W1_D3/B3_W1_D3_16012026(14).edf
B3_W1_D4_17012026(9),3,1,"0,6",0.698,/lunarc/nobackup/projects/lu2026-2-60/RAM_GDNF_2025/Batch_3_Recordings/Week_1/B3_W1_edf and dat files/W1_D4/B3_W1_D4_17012026(9).edf
B3_W1_D6_19012026(13),3,1,"0,2,6",0.628,/lunarc/nobackup/projects/lu2026-2-60/RAM_GDNF_2025/Batch_3_Recordings/Week_1/B3_W1_edf and dat files/W1_D6/B3_W1_D6_19012026(13).edf
B3_W3_D8_07022026(10),3,0,"1,2",0.79,/lunarc/nobackup/projects/lu2026-2-60/RAM_GDNF_2025/Batch_3_Recordings/Week_3/EDF and Dat files/W3_D7/B3_W3_D8_07022026(10).edf
B3_W3_D6_05022026(9),3,0,"2,7",0.843,/lunarc/nobackup/projects/lu2026-2-60/RAM_GDNF_2025/Batch_3_Recordings/Week_3/EDF and Dat files/W3_D5/B3_W3_D6_05022026(9).edf
B3_W1_D6_19012026(1),3,0,0,0.896,/lunarc/nobackup/projects/lu2026-2-60/RAM_GDNF_2025/Batch_3_Recordings/Week_1/B3_W1_edf and dat files/W1_D6/B3_W1_D6_19012026(1).edf
B3_W1_D3_16012026(8),3,0,"0,6",0.799,/lunarc/nobackup/projects/lu2026-2-60/RAM_GDNF_2025/Batch_3_Recordings/Week_1/B3_W1_edf and dat files/W1_D3/B3_W1_D3_16012026(8).edf
B3_W1_D3_16012026(13),3,0,6,0.759,/lunarc/nobackup/projects/lu2026-2-60/RAM_GDNF_2025/Batch_3_Recordings/Week_1/B3_W1_edf and dat files/W1_D3/B3_W1_D3_16012026(13).edf
B3_W1_D3_16012026(11),3,0,"5,6",0.763,/lunarc/nobackup/projects/lu2026-2-60/RAM_GDNF_2025/Batch_3_Recordings/Week_1/B3_W1_edf and dat files/W1_D3/B3_W1_D3_16012026(11).edf
B3_W1_D2_15012026(14),2,2,0,0.744,/lunarc/nobackup/projects/lu2026-2-60/RAM_GDNF_2025/Batch_3_Recordings/Week_1/B3_W1_edf and dat files/W1_D2/B3_W1_D2_15012026(14).edf
B3_W1_D2_15012026(15),2,1,0,0.825,/lunarc/nobackup/projects/lu2026-2-60/RAM_GDNF_2025/Batch_3_Recordings/Week_1/B3_W1_edf and dat files/W1_D2/B3_W1_D2_15012026(15).edf
B3_W3_D3_02022026(9),2,0,2,0.814,/lunarc/nobackup/projects/lu2026-2-60/RAM_GDNF_2025/Batch_3_Recordings/Week_3/EDF and Dat files/W3_D2/B3_W3_D3_02022026(9).edf
B3_W1_D5_18012026(4),2,0,"0,6",0.768,/lunarc/nobackup/projects/lu2026-2-60/RAM_GDNF_2025/Batch_3_Recordings/Week_1/B3_W1_edf and dat files/W1_D5/B3_W1_D5_18012026(4).edf
B3_W3_D4_03022026(13),2,0,5,0.644,/lunarc/nobackup/projects/lu2026-2-60/RAM_GDNF_2025/Batch_3_Recordings/Week_3/EDF and Dat files/W3_D3/B3_W3_D4_03022026(13).edf
B3_W3_D4_03022026(5),2,1,"0,2",0.454,/lunarc/nobackup/projects/lu2026-2-60/RAM_GDNF_2025/Batch_3_Recordings/Week_3/EDF and Dat files/W3_D3/B3_W3_D4_03022026(5).edf
B3_W2_D6_26012026(14),2,0,0,0.522,/lunarc/nobackup/projects/lu2026-2-60/RAM_GDNF_2025/Batch_3_Recordings/Week_2/B3_W2_edf and dat files/W2_D6/B3_W2_D6_26012026(14).edf
B3_W1_D4_17012026(7),2,0,0,0.848,/lunarc/nobackup/projects/lu2026-2-60/RAM_GDNF_2025/Batch_3_Recordings/Week_1/B3_W1_edf and dat files/W1_D4/B3_W1_D4_17012026(7).edf
B3_W3_D4_03022026(16),2,0,2,0.852,/lunarc/nobackup/projects/lu2026-2-60/RAM_GDNF_2025/Batch_3_Recordings/Week_3/EDF and Dat files/W3_D3/B3_W3_D4_03022026(16).edf
B3_W3_D6_05022026(4),2,0,2,0.628,/lunarc/nobackup/projects/lu2026-2-60/RAM_GDNF_2025/Batch_3_Recordings/Week_3/EDF and Dat files/W3_D5/B3_W3_D6_05022026(4).edf
B3_W3_D6_05022026(2),2,0,0,0.604,/lunarc/nobackup/projects/lu2026-2-60/RAM_GDNF_2025/Batch_3_Recordings/Week_3/EDF and Dat files/W3_D5/B3_W3_D6_05022026(2).edf
B3_W1_D5_18012026(7),2,0,0,0.776,/lunarc/nobackup/projects/lu2026-2-60/RAM_GDNF_2025/Batch_3_Recordings/Week_1/B3_W1_edf and dat files/W1_D5/B3_W1_D5_18012026(7).edf
B3_W3_D6_05022026(8),2,0,2,0.875,/lunarc/nobackup/projects/lu2026-2-60/RAM_GDNF_2025/Batch_3_Recordings/Week_3/EDF and Dat files/W3_D5/B3_W3_D6_05022026(8).edf
B3_W3_D6_05022026(10),2,0,1,0.368,/lunarc/nobackup/projects/lu2026-2-60/RAM_GDNF_2025/Batch_3_Recordings/Week_3/EDF and Dat files/W3_D5/B3_W3_D6_05022026(10).edf
B3_W3_D5_04022026(5),2,0,2,0.833,/lunarc/nobackup/projects/lu2026-2-60/RAM_GDNF_2025/Batch_3_Recordings/Week_3/EDF and Dat files/W3_D4/B3_W3_D5_04022026(5).edf
B3_W1_D5_18012026(9),2,0,"0,6",0.774,/lunarc/nobackup/projects/lu2026-2-60/RAM_GDNF_2025/Batch_3_Recordings/Week_1/B3_W1_edf and dat files/W1_D5/B3_W1_D5_18012026(9).edf
B3_W3_D6_05022026(1),2,0,"1,2",0.781,/lunarc/nobackup/projects/lu2026-2-60/RAM_GDNF_2025/Batch_3_Recordings/Week_3/EDF and Dat files/W3_D5/B3_W3_D6_05022026(1).edf
B3_W3_D4_03022026(6),2,0,"2,6",0.709,/lunarc/nobackup/projects/lu2026-2-60/RAM_GDNF_2025/Batch_3_Recordings/Week_3/EDF and Dat files/W3_D3/B3_W3_D4_03022026(6).edf
B3_W3_D5_04022026(2),2,0,"0,2",0.825,/lunarc/nobackup/projects/lu2026-2-60/RAM_GDNF_2025/Batch_3_Recordings/Week_3/EDF and Dat files/W3_D4/B3_W3_D5_04022026(2).edf
B3_W2_D6_26012026(3),2,0,"0,4",0.527,/lunarc/nobackup/projects/lu2026-2-60/RAM_GDNF_2025/Batch_3_Recordings/Week_2/B3_W2_edf and dat files/W2_D6/B3_W2_D6_26012026(3).edf
B3_W3_D5_04022026(12),2,0,2,0.882,/lunarc/nobackup/projects/lu2026-2-60/RAM_GDNF_2025/Batch_3_Recordings/Week_3/EDF and Dat files/W3_D4/B3_W3_D5_04022026(12).edf
B3_W3_D8_07022026(1),2,0,"0,1",0.42,/lunarc/nobackup/projects/lu2026-2-60/RAM_GDNF_2025/Batch_3_Recordings/Week_3/EDF and Dat files/W3_D7/B3_W3_D8_07022026(1).edf
B3_W1_D1_14012026(14),2,0,"0,6",0.731,/lunarc/nobackup/projects/lu2026-2-60/RAM_GDNF_2025/Batch_3_Recordings/Week_1/B3_W1_edf and dat files/W1_D1/B3_W1_D1_14012026(14).edf
B3_W2_D1_21012026(12),2,0,"0,1",0.404,/lunarc/nobackup/projects/lu2026-2-60/RAM_GDNF_2025/Batch_3_Recordings/Week_2/B3_W2_edf and dat files/W2_D1/B3_W2_D1_21012026(12).edf
B3_W2_D1_21012026(2),2,1,2,0.642,/lunarc/nobackup/projects/lu2026-2-60/RAM_GDNF_2025/Batch_3_Recordings/Week_2/B3_W2_edf and dat files/W2_D1/B3_W2_D1_21012026(2).edf
B3_W2_D2_22012026(13),2,0,"1,2",0.588,/lunarc/nobackup/projects/lu2026-2-60/RAM_GDNF_2025/Batch_3_Recordings/Week_2/B3_W2_edf and dat files/W2_D2/B3_W2_D2_22012026(13).edf
B3_W1_D6_19012026(2),2,0,"0,2",0.609,/lunarc/nobackup/projects/lu2026-2-60/RAM_GDNF_2025/Batch_3_Recordings/Week_1/B3_W1_edf and dat files/W1_D6/B3_W1_D6_19012026(2).edf
B3_W1_D4_17012026(14),2,1,6,0.521,/lunarc/nobackup/projects/lu2026-2-60/RAM_GDNF_2025/Batch_3_Recordings/Week_1/B3_W1_edf and dat files/W1_D4/B3_W1_D4_17012026(14).edf
B3_W3_D8_07022026(7),2,0,1,0.632,/lunarc/nobackup/projects/lu2026-2-60/RAM_GDNF_2025/Batch_3_Recordings/Week_3/EDF and Dat files/W3_D7/B3_W3_D8_07022026(7).edf
B3_W3_D8_07022026(13),2,0,"1,2",0.795,/lunarc/nobackup/projects/lu2026-2-60/RAM_GDNF_2025/Batch_3_Recordings/Week_3/EDF and Dat files/W3_D7/B3_W3_D8_07022026(13).edf
B3_W1_D2_15012026(7),2,0,0,0.655,/lunarc/nobackup/projects/lu2026-2-60/RAM_GDNF_2025/Batch_3_Recordings/Week_1/B3_W1_edf and dat files/W1_D2/B3_W1_D2_15012026(7).edf
B3_W3_D8_07022026(3),2,0,0,0.527,/lunarc/nobackup/projects/lu2026-2-60/RAM_GDNF_2025/Batch_3_Recordings/Week_3/EDF and Dat files/W3_D7/B3_W3_D8_07022026(3).edf
B3_W1_D4_17012026(6),2,2,6,0.567,/lunarc/nobackup/projects/lu2026-2-60/RAM_GDNF_2025/Batch_3_Recordings/Week_1/B3_W1_edf and dat files/W1_D4/B3_W1_D4_17012026(6).edf
B3_W3_D7_06022026(2),2,0,"2,5",0.48,/lunarc/nobackup/projects/lu2026-2-60/RAM_GDNF_2025/Batch_3_Recordings/Week_3/EDF and Dat files/W3_D6/B3_W3_D7_06022026(2).edf
B3_W1_D3_16012026(9),2,0,"0,4",0.376,/lunarc/nobackup/projects/lu2026-2-60/RAM_GDNF_2025/Batch_3_Recordings/Week_1/B3_W1_edf and dat files/W1_D3/B3_W1_D3_16012026(9).edf
B3_W1_D3_16012026(10),2,0,6,0.44,/lunarc/nobackup/projects/lu2026-2-60/RAM_GDNF_2025/Batch_3_Recordings/Week_1/B3_W1_edf and dat files/W1_D3/B3_W1_D3_16012026(10).edf
B3_W1_D1_14012026(4),1,1,6,0.412,/lunarc/nobackup/projects/lu2026-2-60/RAM_GDNF_2025/Batch_3_Recordings/Week_1/B3_W1_edf and dat files/W1_D1/B3_W1_D1_14012026(4).edf
B3_W1_D1_14012026(6),1,0,6,0.53,/lunarc/nobackup/projects/lu2026-2-60/RAM_GDNF_2025/Batch_3_Recordings/Week_1/B3_W1_edf and dat files/W1_D1/B3_W1_D1_14012026(6).edf
B3_W1_D4_17012026(16),1,3,0,0.377,/lunarc/nobackup/projects/lu2026-2-60/RAM_GDNF_2025/Batch_3_Recordings/Week_1/B3_W1_edf and dat files/W1_D4/B3_W1_D4_17012026(16).edf
B3_W1_D6_19012026(7),1,0,0,0.402,/lunarc/nobackup/projects/lu2026-2-60/RAM_GDNF_2025/Batch_3_Recordings/Week_1/B3_W1_edf and dat files/W1_D6/B3_W1_D6_19012026(7).edf
B3_W1_D1_14012026(12),1,0,7,0.404,/lunarc/nobackup/projects/lu2026-2-60/RAM_GDNF_2025/Batch_3_Recordings/Week_1/B3_W1_edf and dat files/W1_D1/B3_W1_D1_14012026(12).edf
B3_W1_D1_14012026(5),1,0,1,0.434,/lunarc/nobackup/projects/lu2026-2-60/RAM_GDNF_2025/Batch_3_Recordings/Week_1/B3_W1_edf and dat files/W1_D1/B3_W1_D1_14012026(5).edf
B3_W1_D2_15012026(2),1,1,6,0.609,/lunarc/nobackup/projects/lu2026-2-60/RAM_GDNF_2025/Batch_3_Recordings/Week_1/B3_W1_edf and dat files/W1_D2/B3_W1_D2_15012026(2).edf
B3_W1_D2_15012026(10),1,1,0,0.618,/lunarc/nobackup/projects/lu2026-2-60/RAM_GDNF_2025/Batch_3_Recordings/Week_1/B3_W1_edf and dat files/W1_D2/B3_W1_D2_15012026(10).edf
B3_W1_D1_14012026(11),1,0,0,0.48,/lunarc/nobackup/projects/lu2026-2-60/RAM_GDNF_2025/Batch_3_Recordings/Week_1/B3_W1_edf and dat files/W1_D1/B3_W1_D1_14012026(11).edf
B3_W1_D6_19012026(9),1,0,0,0.615,/lunarc/nobackup/projects/lu2026-2-60/RAM_GDNF_2025/Batch_3_Recordings/Week_1/B3_W1_edf and dat files/W1_D6/B3_W1_D6_19012026(9).edf
B3_W1_D7_20012026(10),1,1,0,0.789,/lunarc/nobackup/projects/lu2026-2-60/RAM_GDNF_2025/Batch_3_Recordings/Week_1/B3_W1_edf and dat files/W1_D7/B3_W1_D7_20012026(10).edf
B3_W1_D4_17012026(2),1,1,0,0.813,/lunarc/nobackup/projects/lu2026-2-60/RAM_GDNF_2025/Batch_3_Recordings/Week_1/B3_W1_edf and dat files/W1_D4/B3_W1_D4_17012026(2).edf
B3_W1_D6_19012026(10),1,1,0,0.694,/lunarc/nobackup/projects/lu2026-2-60/RAM_GDNF_2025/Batch_3_Recordings/Week_1/B3_W1_edf and dat files/W1_D6/B3_W1_D6_19012026(10).edf
B3_W1_D5_18012026(3),1,0,6,0.355,/lunarc/nobackup/projects/lu2026-2-60/RAM_GDNF_2025/Batch_3_Recordings/Week_1/B3_W1_edf and dat files/W1_D5/B3_W1_D5_18012026(3).edf
B3_W1_D2_15012026(6),1,1,0,0.721,/lunarc/nobackup/projects/lu2026-2-60/RAM_GDNF_2025/Batch_3_Recordings/Week_1/B3_W1_edf and dat files/W1_D2/B3_W1_D2_15012026(6).edf
B3_W1_D6_19012026(4),1,1,2,0.288,/lunarc/nobackup/projects/lu2026-2-60/RAM_GDNF_2025/Batch_3_Recordings/Week_1/B3_W1_edf and dat files/W1_D6/B3_W1_D6_19012026(4).edf
B3_W1_D5_18012026(14),1,1,6,0.733,/lunarc/nobackup/projects/lu2026-2-60/RAM_GDNF_2025/Batch_3_Recordings/Week_1/B3_W1_edf and dat files/W1_D5/B3_W1_D5_18012026(14).edf
B3_W1_D5_18012026(6),1,1,6,0.58,/lunarc/nobackup/projects/lu2026-2-60/RAM_GDNF_2025/Batch_3_Recordings/Week_1/B3_W1_edf and dat files/W1_D5/B3_W1_D5_18012026(6).edf
B3_W1_D2_15012026(11),1,0,0,0.721,/lunarc/nobackup/projects/lu2026-2-60/RAM_GDNF_2025/Batch_3_Recordings/Week_1/B3_W1_edf and dat files/W1_D2/B3_W1_D2_15012026(11).edf
B3_W1_D5_18012026(2),1,3,0,0.621,/lunarc/nobackup/projects/lu2026-2-60/RAM_GDNF_2025/Batch_3_Recordings/Week_1/B3_W1_edf and dat files/W1_D5/B3_W1_D5_18012026(2).edf
B3_W1_D6_19012026(14),1,0,0,0.841,/lunarc/nobackup/projects/lu2026-2-60/RAM_GDNF_2025/Batch_3_Recordings/Week_1/B3_W1_edf and dat files/W1_D6/B3_W1_D6_19012026(14).edf
B3_W1_D6_19012026(6),1,2,0,0.866,/lunarc/nobackup/projects/lu2026-2-60/RAM_GDNF_2025/Batch_3_Recordings/Week_1/B3_W1_edf and dat files/W1_D6/B3_W1_D6_19012026(6).edf
B3_W1_D6_19012026(16),1,1,6,0.553,/lunarc/nobackup/projects/lu2026-2-60/RAM_GDNF_2025/Batch_3_Recordings/Week_1/B3_W1_edf and dat files/W1_D6/B3_W1_D6_19012026(16).edf
B3_W1_D3_16012026(2),1,0,0,0.486,/lunarc/nobackup/projects/lu2026-2-60/RAM_GDNF_2025/Batch_3_Recordings/Week_1/B3_W1_edf and dat files/W1_D3/B3_W1_D3_16012026(2).edf
B3_W1_D3_16012026(15),1,1,6,0.677,/lunarc/nobackup/projects/lu2026-2-60/RAM_GDNF_2025/Batch_3_Recordings/Week_1/B3_W1_edf and dat files/W1_D3/B3_W1_D3_16012026(15).edf
B3_W1_D5_18012026(11),1,1,0,0.843,/lunarc/nobackup/projects/lu2026-2-60/RAM_GDNF_2025/Batch_3_Recordings/Week_1/B3_W1_edf and dat files/W1_D5/B3_W1_D5_18012026(11).edf
B3_W1_D5_18012026(12),1,0,0,0.763,/lunarc/nobackup/projects/lu2026-2-60/RAM_GDNF_2025/Batch_3_Recordings/Week_1/B3_W1_edf and dat files/W1_D5/B3_W1_D5_18012026(12).edf
B3_W3_D4_03022026(1),1,0,2,0.566,/lunarc/nobackup/projects/lu2026-2-60/RAM_GDNF_2025/Batch_3_Recordings/Week_3/EDF and Dat files/W3_D3/B3_W3_D4_03022026(1).edf
B3_W1_D2_15012026(13),1,0,0,0.662,/lunarc/nobackup/projects/lu2026-2-60/RAM_GDNF_2025/Batch_3_Recordings/Week_1/B3_W1_edf and dat files/W1_D2/B3_W1_D2_15012026(13).edf
B3_W2_D4_24012026(3),1,1,0,0.589,/lunarc/nobackup/projects/lu2026-2-60/RAM_GDNF_2025/Batch_3_Recordings/Week_2/B3_W2_edf and dat files/W2_D4/B3_W2_D4_24012026(3).edf
B3_W3_D7_06022026(3),1,0,2,0.802,/lunarc/nobackup/projects/lu2026-2-60/RAM_GDNF_2025/Batch_3_Recordings/Week_3/EDF and Dat files/W3_D6/B3_W3_D7_06022026(3).edf
B3_W3_D7_06022026(13),1,0,1,0.371,/lunarc/nobackup/projects/lu2026-2-60/RAM_GDNF_2025/Batch_3_Recordings/Week_3/EDF and Dat files/W3_D6/B3_W3_D7_06022026(13).edf
B3_W3_D8_07022026(4),1,0,1,0.63,/lunarc/nobackup/projects/lu2026-2-60/RAM_GDNF_2025/Batch_3_Recordings/Week_3/EDF and Dat files/W3_D7/B3_W3_D8_07022026(4).edf
B3_W3_D8_07022026(5),1,0,1,0.435,/lunarc/nobackup/projects/lu2026-2-60/RAM_GDNF_2025/Batch_3_Recordings/Week_3/EDF and Dat files/W3_D7/B3_W3_D8_07022026(5).edf
B3_W2_D3_23012026(13),1,0,5,0.441,/lunarc/nobackup/projects/lu2026-2-60/RAM_GDNF_2025/Batch_3_Recordings/Week_2/B3_W2_edf and dat files/W2_D3/B3_W2_D3_23012026(13).edf
B3_W2_D3_23012026(4),1,1,0,0.351,/lunarc/nobackup/projects/lu2026-2-60/RAM_GDNF_2025/Batch_3_Recordings/Week_2/B3_W2_edf and dat files/W2_D3/B3_W2_D3_23012026(4).edf
B3_W2_D3_23012026(6),1,0,1,0.417,/lunarc/nobackup/projects/lu2026-2-60/RAM_GDNF_2025/Batch_3_Recordings/Week_2/B3_W2_edf and dat files/W2_D3/B3_W2_D3_23012026(6).edf
B3_W2_D3_23012026(15),1,2,2,0.463,/lunarc/nobackup/projects/lu2026-2-60/RAM_GDNF_2025/Batch_3_Recordings/Week_2/B3_W2_edf and dat files/W2_D3/B3_W2_D3_23012026(15).edf
B3_W2_D3_23012026(7),1,1,1,0.671,/lunarc/nobackup/projects/lu2026-2-60/RAM_GDNF_2025/Batch_3_Recordings/Week_2/B3_W2_edf and dat files/W2_D3/B3_W2_D3_23012026(7).edf
B3_W2_D3_23012026(14),1,1,1,0.542,/lunarc/nobackup/projects/lu2026-2-60/RAM_GDNF_2025/Batch_3_Recordings/Week_2/B3_W2_edf and dat files/W2_D3/B3_W2_D3_23012026(14).edf
B3_W2_D4_24012026(15),1,0,0,0.51,/lunarc/nobackup/projects/lu2026-2-60/RAM_GDNF_2025/Batch_3_Recordings/Week_2/B3_W2_edf and dat files/W2_D4/B3_W2_D4_24012026(15).edf
B3_W2_D5_25012026(1),1,0,0,0.433,/lunarc/nobackup/projects/lu2026-2-60/RAM_GDNF_2025/Batch_3_Recordings/Week_2/B3_W2_edf and dat files/W2_D5/B3_W2_D5_25012026(1).edf
B3_W3_D6_05022026(11),1,0,2,0.621,/lunarc/nobackup/projects/lu2026-2-60/RAM_GDNF_2025/Batch_3_Recordings/Week_3/EDF and Dat files/W3_D5/B3_W3_D6_05022026(11).edf
B3_W2_D5_25012026(15),1,0,0,0.423,/lunarc/nobackup/projects/lu2026-2-60/RAM_GDNF_2025/Batch_3_Recordings/Week_2/B3_W2_edf and dat files/W2_D5/B3_W2_D5_25012026(15).edf
B3_W2_D5_25012026(13),1,0,2,0.825,/lunarc/nobackup/projects/lu2026-2-60/RAM_GDNF_2025/Batch_3_Recordings/Week_2/B3_W2_edf and dat files/W2_D5/B3_W2_D5_25012026(13).edf
B3_W2_D2_22012026(9),1,2,1,0.421,/lunarc/nobackup/projects/lu2026-2-60/RAM_GDNF_2025/Batch_3_Recordings/Week_2/B3_W2_edf and dat files/W2_D2/B3_W2_D2_22012026(9).edf
B3_W2_D2_22012026(14),1,1,2,0.609,/lunarc/nobackup/projects/lu2026-2-60/RAM_GDNF_2025/Batch_3_Recordings/Week_2/B3_W2_edf and dat files/W2_D2/B3_W2_D2_22012026(14).edf
B3_W2_D7_27012026(8),1,1,1,0.543,/lunarc/nobackup/projects/lu2026-2-60/RAM_GDNF_2025/Batch_3_Recordings/Week_2/B3_W2_edf and dat files/W2_D7/B3_W2_D7_27012026(8).edf
B3_W2_D7_27012026(2),1,0,0,0.257,/lunarc/nobackup/projects/lu2026-2-60/RAM_GDNF_2025/Batch_3_Recordings/Week_2/B3_W2_edf and dat files/W2_D7/B3_W2_D7_27012026(2).edf
B3_W2_D1_21012026(10),1,1,0,0.545,/lunarc/nobackup/projects/lu2026-2-60/RAM_GDNF_2025/Batch_3_Recordings/Week_2/B3_W2_edf and dat files/W2_D1/B3_W2_D1_21012026(10).edf
B3_W2_D1_21012026(1),1,3,0,0.595,/lunarc/nobackup/projects/lu2026-2-60/RAM_GDNF_2025/Batch_3_Recordings/Week_2/B3_W2_edf and dat files/W2_D1/B3_W2_D1_21012026(1).edf
B3_W2_D6_26012026(6),1,0,4,0.322,/lunarc/nobackup/projects/lu2026-2-60/RAM_GDNF_2025/Batch_3_Recordings/Week_2/B3_W2_edf and dat files/W2_D6/B3_W2_D6_26012026(6).edf
B3_W2_D6_26012026(11),1,0,0,0.526,/lunarc/nobackup/projects/lu2026-2-60/RAM_GDNF_2025/Batch_3_Recordings/Week_2/B3_W2_edf and dat files/W2_D6/B3_W2_D6_26012026(11).edf
B3_W2_D6_26012026(8),1,0,5,0.517,/lunarc/nobackup/projects/lu2026-2-60/RAM_GDNF_2025/Batch_3_Recordings/Week_2/B3_W2_edf and dat files/W2_D6/B3_W2_D6_26012026(8).edf
B3_W3_D7_06022026(16),1,0,1,0.338,/lunarc/nobackup/projects/lu2026-2-60/RAM_GDNF_2025/Batch_3_Recordings/Week_3/EDF and Dat files/W3_D6/B3_W3_D7_06022026(16).edf
B3_W3_D7_06022026(14),1,0,0,0.36,/lunarc/nobackup/projects/lu2026-2-60/RAM_GDNF_2025/Batch_3_Recordings/Week_3/EDF and Dat files/W3_D6/B3_W3_D7_06022026(14).edf
B3_W3_D7_06022026(12),1,0,2,0.334,/lunarc/nobackup/projects/lu2026-2-60/RAM_GDNF_2025/Batch_3_Recordings/Week_3/EDF and Dat files/W3_D6/B3_W3_D7_06022026(12).edf
B3_W3_D1_28012026(4),1,0,3,0.705,/lunarc/nobackup/projects/lu2026-2-60/RAM_GDNF_2025/Batch_3_Recordings/Week_3/EDF and Dat files/W3_D1/B3_W3_D1_28012026(4).edf
B3_W3_D6_05022026(12),1,0,5,0.542,/lunarc/nobackup/projects/lu2026-2-60/RAM_GDNF_2025/Batch_3_Recordings/Week_3/EDF and Dat files/W3_D5/B3_W3_D6_05022026(12).edf
B3_W3_D6_05022026(5),1,0,2,0.684,/lunarc/nobackup/projects/lu2026-2-60/RAM_GDNF_2025/Batch_3_Recordings/Week_3/EDF and Dat files/W3_D5/B3_W3_D6_05022026(5).edf
B3_W3_D6_05022026(3),1,0,0,0.476,/lunarc/nobackup/projects/lu2026-2-60/RAM_GDNF_2025/Batch_3_Recordings/Week_3/EDF and Dat files/W3_D5/B3_W3_D6_05022026(3).edf
B3_W3_D3_02022026(7),1,0,5,0.655,/lunarc/nobackup/projects/lu2026-2-60/RAM_GDNF_2025/Batch_3_Recordings/Week_3/EDF and Dat files/W3_D2/B3_W3_D3_02022026(7).edf
B3_W3_D3_02022026(15),1,1,2,0.468,/lunarc/nobackup/projects/lu2026-2-60/RAM_GDNF_2025/Batch_3_Recordings/Week_3/EDF and Dat files/W3_D2/B3_W3_D3_02022026(15).edf
B3_W3_D3_02022026(4),1,0,0,0.512,/lunarc/nobackup/projects/lu2026-2-60/RAM_GDNF_2025/Batch_3_Recordings/Week_3/EDF and Dat files/W3_D2/B3_W3_D3_02022026(4).edf
B3_W3_D3_02022026(2),1,0,1,0.447,/lunarc/nobackup/projects/lu2026-2-60/RAM_GDNF_2025/Batch_3_Recordings/Week_3/EDF and Dat files/W3_D2/B3_W3_D3_02022026(2).edf
B3_W3_D3_02022026(11),1,0,2,0.86,/lunarc/nobackup/projects/lu2026-2-60/RAM_GDNF_2025/Batch_3_Recordings/Week_3/EDF and Dat files/W3_D2/B3_W3_D3_02022026(11).edf
B3_W3_D3_02022026(8),1,0,2,0.596,/lunarc/nobackup/projects/lu2026-2-60/RAM_GDNF_2025/Batch_3_Recordings/Week_3/EDF and Dat files/W3_D2/B3_W3_D3_02022026(8).edf
B3_W3_D3_02022026(13),1,0,2,0.569,/lunarc/nobackup/projects/lu2026-2-60/RAM_GDNF_2025/Batch_3_Recordings/Week_3/EDF and Dat files/W3_D2/B3_W3_D3_02022026(13).edf
B3_W3_D4_03022026(3),1,0,2,0.595,/lunarc/nobackup/projects/lu2026-2-60/RAM_GDNF_2025/Batch_3_Recordings/Week_3/EDF and Dat files/W3_D3/B3_W3_D4_03022026(3).edf
B3_W3_D4_03022026(15),1,0,2,0.743,/lunarc/nobackup/projects/lu2026-2-60/RAM_GDNF_2025/Batch_3_Recordings/Week_3/EDF and Dat files/W3_D3/B3_W3_D4_03022026(15).edf
B3_W3_D4_03022026(12),1,0,2,0.715,/lunarc/nobackup/projects/lu2026-2-60/RAM_GDNF_2025/Batch_3_Recordings/Week_3/EDF and Dat files/W3_D3/B3_W3_D4_03022026(12).edf
B3_W3_D4_03022026(14),1,0,5,0.74,/lunarc/nobackup/projects/lu2026-2-60/RAM_GDNF_2025/Batch_3_Recordings/Week_3/EDF and Dat files/W3_D3/B3_W3_D4_03022026(14).edf
B3_W3_D5_04022026(13),1,0,2,0.846,/lunarc/nobackup/projects/lu2026-2-60/RAM_GDNF_2025/Batch_3_Recordings/Week_3/EDF and Dat files/W3_D4/B3_W3_D5_04022026(13).edf
B3_W3_D5_04022026(4),1,0,0,0.287,/lunarc/nobackup/projects/lu2026-2-60/RAM_GDNF_2025/Batch_3_Recordings/Week_3/EDF and Dat files/W3_D4/B3_W3_D5_04022026(4).edf
B3_W3_D5_04022026(11),1,0,2,0.714,/lunarc/nobackup/projects/lu2026-2-60/RAM_GDNF_2025/Batch_3_Recordings/Week_3/EDF and Dat files/W3_D4/B3_W3_D5_04022026(11).edf
B3_W3_D5_04022026(17),1,0,2,0.621,/lunarc/nobackup/projects/lu2026-2-60/RAM_GDNF_2025/Batch_3_Recordings/Week_3/EDF and Dat files/W3_D4/B3_W3_D5_04022026(17).edf
B3_W3_D5_04022026(7),1,0,2,0.87,/lunarc/nobackup/projects/lu2026-2-60/RAM_GDNF_2025/Batch_3_Recordings/Week_3/EDF and Dat files/W3_D4/B3_W3_D5_04022026(7).edf
B3_W3_D5_04022026(16),1,0,0,0.287,/lunarc/nobackup/projects/lu2026-2-60/RAM_GDNF_2025/Batch_3_Recordings/Week_3/EDF and Dat files/W3_D4/B3_W3_D5_04022026(16).edf
B3_W3_D5_04022026(1),1,0,0,0.289,/lunarc/nobackup/projects/lu2026-2-60/RAM_GDNF_2025/Batch_3_Recordings/Week_3/EDF and Dat files/W3_D4/B3_W3_D5_04022026(1).edf
B3_W3_D1_28012026(15),1,0,0,0.359,/lunarc/nobackup/projects/lu2026-2-60/RAM_GDNF_2025/Batch_3_Recordings/Week_3/EDF and Dat files/W3_D1/B3_W3_D1_28012026(15).edf
B3_W3_D1_28012026(3),1,0,1,0.47,/lunarc/nobackup/projects/lu2026-2-60/RAM_GDNF_2025/Batch_3_Recordings/Week_3/EDF and Dat files/W3_D1/B3_W3_D1_28012026(3).edf
B3_W1_D7_20012026(5),1,1,0,0.422,/lunarc/nobackup/projects/lu2026-2-60/RAM_GDNF_2025/Batch_3_Recordings/Week_1/B3_W1_edf and dat files/W1_D7/B3_W1_D7_20012026(5).edf
