stem,path,events,mean_conf,tercile
B4_W2_D3_30062026(14),/lunarc/nobackup/projects/lu2026-2-60/RAM_GDNF_2025/Batch_4_Recordings/Week_2/B4_W2_edf and dat files/W2_D3/B4_W2_D3_30062026(14).edf,42,0.31842857142857145,low
B4_W1_D4_24062026(12),/lunarc/nobackup/projects/lu2026-2-60/RAM_GDNF_2025/Batch_4_Recordings/Week_1/B4_W1_edf and dat files/W1_D4/B4_W1_D4_24062026(12).edf,103,0.3093592233009709,low
B4_W2_D5_02072026(14),/lunarc/nobackup/projects/lu2026-2-60/RAM_GDNF_2025/Batch_4_Recordings/Week_2/B4_W2_edf and dat files/W2_D5/B4_W2_D5_02072026(14).edf,100,0.33895000000000003,low
B4_W2_D1_28062026(5),/lunarc/nobackup/projects/lu2026-2-60/RAM_GDNF_2025/Batch_4_Recordings/Week_2/B4_W2_edf and dat files/W2_D1/B4_W2_D1_28062026(5).edf,149,0.40870469798657716,mid
B4_W1_D1_21062026(5),/lunarc/nobackup/projects/lu2026-2-60/RAM_GDNF_2025/Batch_4_Recordings/Week_1/B4_W1_edf and dat files/W1_D1/B4_W1_D1_21062026(5).edf,14,0.3979285714285714,mid
B4_W2_D3_30062026(8),/lunarc/nobackup/projects/lu2026-2-60/RAM_GDNF_2025/Batch_4_Recordings/Week_2/B4_W2_edf and dat files/W2_D3/B4_W2_D3_30062026(8).edf,128,0.3675859375,mid
B4_W2_D1_28062026(10),/lunarc/nobackup/projects/lu2026-2-60/RAM_GDNF_2025/Batch_4_Recordings/Week_2/B4_W2_edf and dat files/W2_D1/B4_W2_D1_28062026(10).edf,106,0.4437264150943396,high
B4_W1_D1_21062026(4),/lunarc/nobackup/projects/lu2026-2-60/RAM_GDNF_2025/Batch_4_Recordings/Week_1/B4_W1_edf and dat files/W1_D1/B4_W1_D1_21062026(4).edf,33,0.42424242424242425,high
B4_W2_D3_30062026(10),/lunarc/nobackup/projects/lu2026-2-60/RAM_GDNF_2025/Batch_4_Recordings/Week_2/B4_W2_edf and dat files/W2_D3/B4_W2_D3_30062026(10).edf,157,0.4227579617834395,high
