stem,animal_id,channel,start_sec,end_sec,cnn_confidence,type
B4_W1_D1_21062026(4),483552,1,2057.808,2064.052,0.43,convulsive
B4_W1_D1_21062026(4),483552,1,2069.232,2078.228,0.478,convulsive
B4_W1_D1_21062026(4),483552,1,2088.564,2094.292,0.288,convulsive
B4_W1_D1_21062026(4),483552,1,2555.248,2560.808,0.411,non_convulsive
B4_W1_D1_21062026(4),483552,1,2795.152,2810.12,0.699,non_convulsive
B4_W1_D1_21062026(4),483552,1,2835.02,2841.14,0.696,non_convulsive
B4_W1_D1_21062026(4),483552,1,2843.888,2849.212,0.626,non_convulsive
B4_W1_D1_21062026(4),483552,1,2877.796,2915.768,0.76,convulsive
B4_W1_D1_21062026(4),483552,1,2976.148,2988.624,0.471,convulsive
B4_W1_D1_21062026(4),483552,1,2999.084,3009.764,0.501,convulsive
B4_W1_D1_21062026(4),483552,1,3109.424,3152.12,0.562,non_convulsive
B4_W1_D1_21062026(4),483552,1,3179.568,3198.624,0.363,non_convulsive
B4_W1_D1_21062026(4),483552,1,3200.952,3209.076,0.385,non_convulsive
B4_W1_D1_21062026(4),483552,1,3361.496,3368.984,0.406,non_convulsive
B4_W1_D1_21062026(4),483552,1,3396.992,3404.9,0.455,non_convulsive
B4_W1_D1_21062026(4),483552,1,3507.312,3517.92,0.442,convulsive
B4_W1_D1_21062026(4),483552,1,3526.032,3531.744,0.273,convulsive
B4_W1_D1_21062026(4),483552,1,3649.056,3655.268,0.288,non_convulsive
B4_W1_D1_21062026(4),483552,1,3941.82,3964.424,0.762,convulsive
B4_W1_D1_21062026(4),483552,1,4012.588,4019.34,0.65,non_convulsive
B4_W1_D1_21062026(4),483552,1,4066.96,4105.856,0.457,non_convulsive
B4_W1_D1_21062026(4),483552,1,4109.356,4126.42,0.29,non_convulsive
B4_W1_D1_21062026(4),483552,1,4131.464,4154.116,0.284,non_convulsive
B4_W1_D1_21062026(4),483552,1,4157.956,4170.3,0.348,non_convulsive
B4_W1_D1_21062026(4),483552,1,4172.316,4179.72,0.262,non_convulsive
B4_W1_D1_21062026(4),483552,1,4199.68,4221.084,0.298,non_convulsive
B4_W1_D1_21062026(4),483552,1,4224.496,4232.884,0.35,non_convulsive
B4_W1_D1_21062026(4),483552,1,4299.472,4309.54,0.284,non_convulsive
B4_W1_D1_21062026(4),483552,1,4323.168,4364.084,0.292,non_convulsive
B4_W1_D1_21062026(4),483552,1,4380.804,4439.992,0.313,non_convulsive
B4_W1_D1_21062026(4),483552,1,4474.236,4496.752,0.276,non_convulsive
B4_W1_D1_21062026(4),483552,1,4504.196,4513.068,0.321,non_convulsive
B4_W1_D1_21062026(4),483552,1,4520.264,4525.74,0.279,non_convulsive
B4_W1_D1_21062026(5),483552,1,1883.164,1889.868,0.27,non_convulsive
B4_W1_D1_21062026(5),483552,1,4079.544,4105.476,0.562,non_convulsive
B4_W1_D1_21062026(5),483552,1,4118.908,4132.224,0.473,non_convulsive
B4_W1_D1_21062026(5),483552,1,4249.932,4264.68,0.695,non_convulsive
B4_W1_D1_21062026(5),483552,1,4340.16,4349.116,0.512,non_convulsive
B4_W1_D1_21062026(5),483552,1,4353.736,4358.848,0.424,non_convulsive
B4_W1_D1_21062026(5),483552,1,4459.216,4464.48,0.44,non_convulsive
B4_W1_D1_21062026(5),483552,1,4532.82,4635.332,0.325,non_convulsive
B4_W1_D1_21062026(5),483552,1,4649.98,4672.292,0.359,non_convulsive
B4_W1_D1_21062026(5),483552,1,4681.204,4707.748,0.312,non_convulsive
B4_W1_D1_21062026(5),483552,1,4714.996,4749.556,0.322,non_convulsive
B4_W1_D1_21062026(5),483552,1,4753.74,4772.652,0.328,non_convulsive
B4_W1_D1_21062026(5),483552,1,4811.784,4822.036,0.292,non_convulsive
B4_W1_D1_21062026(5),483552,1,4915.676,4921.852,0.257,non_convulsive
B4_W1_D4_24062026(12),483552,1,2522.32,2528.98,0.383,non_convulsive
B4_W1_D4_24062026(12),483552,1,2536.592,2550.336,0.515,non_convulsive
B4_W1_D4_24062026(12),483552,1,2764.244,2769.512,0.434,non_convulsive
B4_W1_D4_24062026(12),483552,1,3035.0,3045.132,0.476,non_convulsive
B4_W1_D4_24062026(12),483552,1,3056.164,3064.224,0.579,non_convulsive
B4_W1_D4_24062026(12),483552,1,3083.556,3089.44,0.398,non_convulsive
B4_W1_D4_24062026(12),483552,1,3092.884,3101.128,0.475,non_convulsive
B4_W1_D4_24062026(12),483553,3,30.036,52.412,0.314,non_convulsive
B4_W1_D4_24062026(12),483553,3,62.776,71.872,0.334,non_convulsive
B4_W1_D4_24062026(12),483553,3,109.104,117.788,0.366,non_convulsive
B4_W1_D4_24062026(12),483553,3,128.584,135.008,0.293,non_convulsive
B4_W1_D4_24062026(12),483553,3,137.14,142.216,0.271,non_convulsive
B4_W1_D4_24062026(12),483553,3,205.176,211.336,0.365,non_convulsive
B4_W1_D4_24062026(12),483553,3,221.008,247.288,0.308,non_convulsive
B4_W1_D4_24062026(12),483553,3,257.672,279.888,0.304,non_convulsive
B4_W1_D4_24062026(12),483553,3,300.664,306.032,0.308,non_convulsive
B4_W1_D4_24062026(12),483553,3,315.684,345.696,0.307,non_convulsive
B4_W1_D4_24062026(12),483553,3,360.304,366.076,0.324,non_convulsive
B4_W1_D4_24062026(12),483553,3,384.632,389.972,0.284,non_convulsive
B4_W1_D4_24062026(12),483553,3,401.148,423.912,0.254,non_convulsive
B4_W1_D4_24062026(12),483553,3,432.332,440.552,0.279,non_convulsive
B4_W1_D4_24062026(12),483553,3,443.032,474.36,0.336,non_convulsive
B4_W1_D4_24062026(12),483553,3,478.664,494.84,0.3,non_convulsive
B4_W1_D4_24062026(12),483553,3,498.488,508.14,0.314,non_convulsive
B4_W1_D4_24062026(12),483553,3,529.992,536.344,0.311,non_convulsive
B4_W1_D4_24062026(12),483553,3,546.876,552.968,0.256,non_convulsive
B4_W1_D4_24062026(12),483553,3,573.576,582.28,0.278,non_convulsive
B4_W1_D4_24062026(12),483553,3,586.092,591.588,0.26,non_convulsive
B4_W1_D4_24062026(12),483553,3,604.776,630.072,0.376,non_convulsive
B4_W1_D4_24062026(12),483553,3,639.06,659.336,0.287,non_convulsive
B4_W1_D4_24062026(12),483553,3,661.584,675.032,0.349,non_convulsive
B4_W1_D4_24062026(12),483553,3,690.032,695.308,0.255,non_convulsive
B4_W1_D4_24062026(12),483553,3,757.316,765.168,0.317,non_convulsive
B4_W1_D4_24062026(12),483553,3,779.796,806.84,0.342,non_convulsive
B4_W1_D4_24062026(12),483553,3,809.452,815.456,0.333,non_convulsive
B4_W1_D4_24062026(12),483553,3,826.292,831.968,0.327,non_convulsive
B4_W1_D4_24062026(12),483553,3,860.676,868.344,0.286,non_convulsive
B4_W1_D4_24062026(12),483553,3,876.7,893.344,0.3,non_convulsive
B4_W1_D4_24062026(12),483553,3,903.008,911.42,0.258,non_convulsive
B4_W1_D4_24062026(12),483553,3,917.576,923.156,0.284,non_convulsive
B4_W1_D4_24062026(12),483553,3,2149.912,2165.592,0.277,non_convulsive
B4_W1_D4_24062026(12),483553,3,2176.704,2196.736,0.335,non_convulsive
B4_W1_D4_24062026(12),483553,3,2221.912,2227.652,0.28,non_convulsive
B4_W1_D4_24062026(12),483553,3,2230.936,2239.884,0.308,non_convulsive
B4_W1_D4_24062026(12),483553,3,2242.952,2248.952,0.254,non_convulsive
B4_W1_D4_24062026(12),483553,3,2267.108,2284.176,0.283,non_convulsive
B4_W1_D4_24062026(12),483553,3,2296.42,2333.208,0.377,non_convulsive
B4_W1_D4_24062026(12),483553,3,2336.424,2382.796,0.301,non_convulsive
B4_W1_D4_24062026(12),483553,3,2391.964,2401.528,0.317,non_convulsive
B4_W1_D4_24062026(12),483553,3,2407.592,2413.66,0.298,non_convulsive
B4_W1_D4_24062026(12),483553,3,2416.18,2427.68,0.281,non_convulsive
B4_W1_D4_24062026(12),483553,3,2431.868,2443.484,0.316,non_convulsive
B4_W1_D4_24062026(12),483553,3,2502.292,2509.816,0.261,non_convulsive
B4_W1_D4_24062026(12),483553,3,2513.476,2519.828,0.406,non_convulsive
B4_W1_D4_24062026(12),483553,3,2523.696,2531.192,0.277,non_convulsive
B4_W1_D4_24062026(12),483553,3,2534.38,2539.736,0.269,non_convulsive
B4_W1_D4_24062026(12),483553,3,2547.544,2552.968,0.276,non_convulsive
B4_W1_D4_24062026(12),483553,3,2555.876,2565.18,0.302,non_convulsive
B4_W1_D4_24062026(12),483553,3,2593.672,2613.788,0.323,non_convulsive
B4_W1_D4_24062026(12),483553,3,2626.984,2649.096,0.295,non_convulsive
B4_W1_D4_24062026(12),483553,3,2655.552,2680.892,0.273,non_convulsive
B4_W1_D4_24062026(12),483553,3,2684.252,2700.0,0.285,non_convulsive
B4_W1_D4_24062026(12),483553,3,2706.064,2712.56,0.393,non_convulsive
B4_W1_D4_24062026(12),483553,3,2730.532,2737.88,0.318,non_convulsive
B4_W1_D4_24062026(12),483553,3,2750.032,2755.74,0.279,non_convulsive
B4_W1_D4_24062026(12),483553,3,2760.28,2767.36,0.317,non_convulsive
B4_W1_D4_24062026(12),483553,3,2812.848,2819.688,0.266,non_convulsive
B4_W1_D4_24062026(12),483553,3,2831.244,2840.024,0.318,non_convulsive
B4_W1_D4_24062026(12),483553,3,2842.796,2877.96,0.294,non_convulsive
B4_W1_D4_24062026(12),483553,3,2897.04,2908.94,0.279,non_convulsive
B4_W1_D4_24062026(12),483553,3,2914.212,2923.56,0.28,non_convulsive
B4_W1_D4_24062026(12),483553,3,2929.008,2938.012,0.293,non_convulsive
B4_W1_D4_24062026(12),483553,3,2940.908,2948.844,0.289,non_convulsive
B4_W1_D4_24062026(12),483553,3,2961.184,2973.272,0.327,non_convulsive
B4_W1_D4_24062026(12),483553,3,2978.644,3001.544,0.298,non_convulsive
B4_W1_D4_24062026(12),483553,3,3004.768,3010.532,0.274,non_convulsive
B4_W1_D4_24062026(12),483553,3,3050.744,3060.0,0.265,non_convulsive
B4_W1_D4_24062026(12),483553,3,3079.024,3089.576,0.219,non_convulsive
B4_W1_D4_24062026(12),483553,3,3140.244,3145.276,0.257,non_convulsive
B4_W1_D4_24062026(12),483553,3,3212.304,3219.716,0.271,non_convulsive
B4_W1_D4_24062026(12),483553,3,3317.128,3416.948,0.335,non_convulsive
B4_W1_D4_24062026(12),483553,3,3420.204,3425.656,0.259,non_convulsive
B4_W1_D4_24062026(12),483553,3,3427.848,3470.72,0.307,non_convulsive
B4_W1_D4_24062026(12),483553,3,3479.896,3492.824,0.342,non_convulsive
B4_W1_D4_24062026(12),483553,3,3497.696,3520.276,0.355,non_convulsive
B4_W1_D4_24062026(12),483553,3,3609.056,3622.484,0.273,non_convulsive
B4_W1_D4_24062026(12),483553,3,3631.304,3637.04,0.304,non_convulsive
B4_W1_D4_24062026(12),483553,3,3764.936,3770.504,0.28,non_convulsive
B4_W1_D4_24062026(12),483553,3,3812.98,3834.232,0.298,non_convulsive
B4_W1_D4_24062026(12),483553,3,3843.564,3849.468,0.266,non_convulsive
B4_W1_D4_24062026(12),483553,3,3885.0,3896.624,0.308,non_convulsive
B4_W1_D4_24062026(12),483553,3,3902.644,3915.0,0.254,non_convulsive
B4_W1_D4_24062026(12),483553,3,3918.048,3935.84,0.341,non_convulsive
B4_W1_D4_24062026(12),483553,3,3943.996,3950.144,0.276,non_convulsive
B4_W1_D4_24062026(12),483553,3,3980.484,3990.728,0.293,non_convulsive
B4_W1_D4_24062026(12),483553,3,4042.216,4058.12,0.29,non_convulsive
B4_W1_D4_24062026(12),483553,3,4060.796,4068.684,0.271,non_convulsive
B4_W1_D4_24062026(12),483553,3,4073.548,4080.148,0.277,non_convulsive
B4_W1_D4_24062026(12),483553,3,4127.288,4133.088,0.282,non_convulsive
B4_W1_D4_24062026(12),483553,3,4279.28,4285.552,0.273,non_convulsive
B4_W1_D4_24062026(12),483553,3,4442.976,4448.256,0.224,non_convulsive
B4_W1_D4_24062026(12),483553,3,4721.816,4733.588,0.312,non_convulsive
B4_W1_D4_24062026(12),483555,5,1044.204,1049.552,0.273,non_convulsive
B4_W2_D1_28062026(10),483552,1,220.12,225.124,0.364,convulsive
B4_W2_D1_28062026(10),483552,1,286.444,307.508,0.301,convulsive
B4_W2_D1_28062026(10),483552,1,318.296,333.572,0.27,convulsive
B4_W2_D1_28062026(10),483552,1,348.544,359.7,0.289,convulsive
B4_W2_D1_28062026(10),483552,1,363.764,369.876,0.253,convulsive
B4_W2_D1_28062026(10),483552,1,562.74,603.684,0.447,convulsive
B4_W2_D1_28062026(10),483552,1,697.136,704.148,0.536,non_convulsive
B4_W2_D1_28062026(10),483552,1,858.016,865.144,0.516,convulsive
B4_W2_D1_28062026(10),483552,1,867.404,879.536,0.587,convulsive
B4_W2_D1_28062026(10),483552,1,916.096,922.132,0.343,convulsive
B4_W2_D1_28062026(10),483552,1,936.528,962.472,0.749,convulsive
B4_W2_D1_28062026(10),483552,1,1146.76,1164.316,0.363,non_convulsive
B4_W2_D1_28062026(10),483552,1,1209.488,1221.868,0.424,non_convulsive
B4_W2_D1_28062026(10),483552,1,1254.464,1259.72,0.445,convulsive
B4_W2_D1_28062026(10),483552,1,1261.724,1277.68,0.448,convulsive
B4_W2_D1_28062026(10),483552,1,1296.676,1305.836,0.596,convulsive
B4_W2_D1_28062026(10),483552,1,1338.196,1344.94,0.337,non_convulsive
B4_W2_D1_28062026(10),483552,1,1365.9,1372.124,0.554,convulsive
B4_W2_D1_28062026(10),483552,1,1376.828,1423.248,0.674,convulsive
B4_W2_D1_28062026(10),483552,1,1639.332,1647.496,0.329,convulsive
B4_W2_D1_28062026(10),483552,1,1683.928,1691.736,0.283,convulsive
B4_W2_D1_28062026(10),483552,1,1758.148,1765.032,0.49,convulsive
B4_W2_D1_28062026(10),483552,1,2288.272,2301.792,0.278,convulsive
B4_W2_D1_28062026(10),483552,1,2327.816,2370.372,0.517,convulsive
B4_W2_D1_28062026(10),483552,1,2388.664,2393.844,0.434,convulsive
B4_W2_D1_28062026(10),483552,1,2419.368,2432.308,0.328,convulsive
B4_W2_D1_28062026(10),483552,1,2448.06,2537.628,0.649,convulsive
B4_W2_D1_28062026(10),483552,1,2548.704,2578.936,0.515,convulsive
B4_W2_D1_28062026(10),483552,1,2581.48,2593.428,0.361,convulsive
B4_W2_D1_28062026(10),483552,1,2601.42,2607.212,0.359,convulsive
B4_W2_D1_28062026(10),483552,1,2611.508,2621.976,0.316,convulsive
B4_W2_D1_28062026(10),483552,1,2637.444,2722.752,0.703,convulsive
B4_W2_D1_28062026(10),483552,1,2726.48,2751.492,0.575,convulsive
B4_W2_D1_28062026(10),483552,1,2758.64,2881.736,0.482,non_convulsive
B4_W2_D1_28062026(10),483552,1,3104.304,3115.572,0.308,convulsive
B4_W2_D1_28062026(10),483552,1,3154.304,3160.072,0.344,convulsive
B4_W2_D1_28062026(10),483552,1,3176.82,3185.592,0.722,convulsive
B4_W2_D1_28062026(10),483552,1,3215.936,3221.3,0.432,convulsive
B4_W2_D1_28062026(10),483552,1,3265.744,3271.924,0.484,convulsive
B4_W2_D1_28062026(10),483552,1,3291.772,3298.992,0.481,convulsive
B4_W2_D1_28062026(10),483552,1,3504.388,3512.312,0.407,convulsive
B4_W2_D1_28062026(10),483552,1,3601.388,3621.148,0.667,convulsive
B4_W2_D1_28062026(10),483552,1,3735.404,3742.644,0.384,non_convulsive
B4_W2_D1_28062026(10),483552,1,3855.408,3866.228,0.28,non_convulsive
B4_W2_D1_28062026(10),483552,1,3907.344,3913.996,0.54,convulsive
B4_W2_D1_28062026(10),483552,1,4120.872,4132.06,0.316,non_convulsive
B4_W2_D1_28062026(10),483552,1,4670.512,4697.616,0.573,convulsive
B4_W2_D1_28062026(10),483552,1,4727.92,4734.48,0.495,convulsive
B4_W2_D1_28062026(10),483552,1,4750.504,4761.776,0.378,convulsive
B4_W2_D1_28062026(10),483552,1,4967.192,4978.604,0.536,non_convulsive
B4_W2_D1_28062026(10),483552,1,5045.932,5051.34,0.352,non_convulsive
B4_W2_D1_28062026(10),483552,1,5277.716,5285.84,0.361,convulsive
B4_W2_D1_28062026(10),483552,1,5290.332,5300.548,0.548,convulsive
B4_W2_D1_28062026(10),483553,3,478.876,484.42,0.302,non_convulsive
B4_W2_D1_28062026(10),483553,3,538.076,544.42,0.512,non_convulsive
B4_W2_D1_28062026(10),483553,3,596.056,610.616,0.535,non_convulsive
B4_W2_D1_28062026(10),483553,3,621.704,627.976,0.528,non_convulsive
B4_W2_D1_28062026(10),483553,3,676.112,693.52,0.475,non_convulsive
B4_W2_D1_28062026(10),483553,3,753.016,762.024,0.364,non_convulsive
B4_W2_D1_28062026(10),483553,3,1072.36,1081.156,0.332,non_convulsive
B4_W2_D1_28062026(10),483553,3,1120.256,1144.964,0.46,non_convulsive
B4_W2_D1_28062026(10),483553,3,1551.472,1557.436,0.383,non_convulsive
B4_W2_D1_28062026(10),483553,3,1561.008,1589.38,0.441,non_convulsive
B4_W2_D1_28062026(10),483553,3,1592.464,1612.136,0.399,non_convulsive
B4_W2_D1_28062026(10),483553,3,1615.932,1640.556,0.471,non_convulsive
B4_W2_D1_28062026(10),483553,3,1667.16,1687.176,0.417,non_convulsive
B4_W2_D1_28062026(10),483553,3,1725.312,1733.624,0.551,non_convulsive
B4_W2_D1_28062026(10),483553,3,1772.692,1779.028,0.416,non_convulsive
B4_W2_D1_28062026(10),483553,3,1790.168,1801.7,0.318,non_convulsive
B4_W2_D1_28062026(10),483553,3,1846.772,1852.324,0.308,non_convulsive
B4_W2_D1_28062026(10),483553,3,1863.12,1875.924,0.349,non_convulsive
B4_W2_D1_28062026(10),483553,3,1894.848,1917.452,0.499,non_convulsive
B4_W2_D1_28062026(10),483553,3,2003.596,2014.432,0.504,non_convulsive
B4_W2_D1_28062026(10),483553,3,2060.296,2067.74,0.414,non_convulsive
B4_W2_D1_28062026(10),483553,3,2112.688,2117.864,0.312,non_convulsive
B4_W2_D1_28062026(10),483553,3,2152.092,2157.732,0.46,non_convulsive
B4_W2_D1_28062026(10),483553,3,2167.008,2173.988,0.546,non_convulsive
B4_W2_D1_28062026(10),483553,3,2187.352,2197.62,0.366,non_convulsive
B4_W2_D1_28062026(10),483553,3,2299.804,2311.412,0.434,non_convulsive
B4_W2_D1_28062026(10),483553,3,2379.252,2384.732,0.443,non_convulsive
B4_W2_D1_28062026(10),483553,3,5256.112,5261.792,0.311,non_convulsive
B4_W2_D1_28062026(10),483555,5,1415.4,1426.088,0.282,non_convulsive
B4_W2_D1_28062026(10),483555,5,1505.404,1517.38,0.319,non_convulsive
B4_W2_D1_28062026(10),483555,5,1548.452,1571.704,0.359,convulsive
B4_W2_D1_28062026(10),483555,5,1620.116,1638.168,0.448,non_convulsive
B4_W2_D1_28062026(10),483555,5,1645.664,1652.296,0.302,non_convulsive
B4_W2_D1_28062026(10),483555,5,3559.776,3575.208,0.451,non_convulsive
B4_W2_D1_28062026(10),483555,5,3594.496,3626.496,0.651,convulsive
B4_W2_D1_28062026(10),483555,5,3677.94,3700.796,0.435,convulsive
B4_W2_D1_28062026(10),483555,5,3709.4,3844.68,0.674,convulsive
B4_W2_D1_28062026(10),483555,5,3849.432,3870.3,0.417,convulsive
B4_W2_D1_28062026(10),483555,5,3876.712,3888.572,0.274,convulsive
B4_W2_D1_28062026(10),483555,5,3894.848,4015.048,0.572,convulsive
B4_W2_D1_28062026(10),483555,5,4019.248,4062.856,0.5,convulsive
B4_W2_D1_28062026(10),483555,5,4076.4,4150.204,0.51,convulsive
B4_W2_D1_28062026(10),483555,5,4157.256,4182.628,0.337,convulsive
B4_W2_D1_28062026(10),483555,5,4186.424,4210.052,0.454,convulsive
B4_W2_D1_28062026(10),483555,5,4214.872,4251.672,0.438,convulsive
B4_W2_D1_28062026(10),483555,5,4255.576,4260.936,0.326,convulsive
B4_W2_D1_28062026(10),483555,5,4286.136,4325.16,0.488,convulsive
B4_W2_D1_28062026(10),483555,5,4361.236,4417.324,0.343,convulsive
B4_W2_D1_28062026(10),483555,5,4440.208,4473.284,0.371,convulsive
B4_W2_D1_28062026(10),483555,5,4476.116,4949.812,0.544,convulsive
B4_W2_D1_28062026(10),483555,5,4951.88,5186.244,0.713,convulsive
B4_W2_D1_28062026(10),483555,5,5188.376,5253.728,0.559,convulsive
B4_W2_D1_28062026(10),483555,5,5257.208,5369.392,0.695,convulsive
B4_W2_D1_28062026(5),483552,1,81.72,96.424,0.543,convulsive
B4_W2_D1_28062026(5),483552,1,155.448,161.78,0.315,non_convulsive
B4_W2_D1_28062026(5),483552,1,196.656,203.388,0.533,non_convulsive
B4_W2_D1_28062026(5),483552,1,547.144,580.868,0.311,non_convulsive
B4_W2_D1_28062026(5),483552,1,585.932,638.92,0.285,non_convulsive
B4_W2_D1_28062026(5),483552,1,656.912,666.844,0.272,non_convulsive
B4_W2_D1_28062026(5),483552,1,669.24,695.724,0.303,non_convulsive
B4_W2_D1_28062026(5),483552,1,698.92,733.164,0.296,non_convulsive
B4_W2_D1_28062026(5),483552,1,759.6,787.368,0.316,non_convulsive
B4_W2_D1_28062026(5),483552,1,811.62,824.492,0.287,non_convulsive
B4_W2_D1_28062026(5),483552,1,846.108,881.66,0.297,non_convulsive
B4_W2_D1_28062026(5),483552,1,887.48,907.576,0.288,non_convulsive
B4_W2_D1_28062026(5),483552,1,931.248,953.12,0.291,non_convulsive
B4_W2_D1_28062026(5),483552,1,956.768,988.02,0.345,non_convulsive
B4_W2_D1_28062026(5),483552,1,992.144,1004.256,0.343,non_convulsive
B4_W2_D1_28062026(5),483552,1,1012.048,1040.776,0.313,non_convulsive
B4_W2_D1_28062026(5),483552,1,1055.292,1080.0,0.31,non_convulsive
B4_W2_D1_28062026(5),483552,1,1094.896,1107.2,0.324,non_convulsive
B4_W2_D1_28062026(5),483552,1,1992.08,1998.888,0.37,convulsive
B4_W2_D1_28062026(5),483552,1,2022.056,2028.224,0.453,convulsive
B4_W2_D1_28062026(5),483552,1,2030.968,2043.38,0.53,convulsive
B4_W2_D1_28062026(5),483552,1,2069.272,2079.1,0.38,non_convulsive
B4_W2_D1_28062026(5),483552,1,2087.612,2094.56,0.422,non_convulsive
B4_W2_D1_28062026(5),483552,1,2186.172,2199.048,0.48,non_convulsive
B4_W2_D1_28062026(5),483552,1,2217.26,2224.504,0.325,non_convulsive
B4_W2_D1_28062026(5),483552,1,2284.74,2292.008,0.36,convulsive
B4_W2_D1_28062026(5),483552,1,2295.372,2310.648,0.365,convulsive
B4_W2_D1_28062026(5),483552,1,2366.284,2375.216,0.372,non_convulsive
B4_W2_D1_28062026(5),483552,1,2609.676,2623.396,0.589,convulsive
B4_W2_D1_28062026(5),483552,1,2625.472,2632.888,0.633,convulsive
B4_W2_D1_28062026(5),483552,1,2655.54,2665.084,0.403,convulsive
B4_W2_D1_28062026(5),483552,1,2675.868,2682.244,0.607,convulsive
B4_W2_D1_28062026(5),483552,1,2750.448,2758.468,0.359,non_convulsive
B4_W2_D1_28062026(5),483552,1,2827.428,2880.112,0.359,convulsive
B4_W2_D1_28062026(5),483552,1,2889.928,2901.132,0.347,convulsive
B4_W2_D1_28062026(5),483552,1,3025.224,3479.468,0.383,non_convulsive
B4_W2_D1_28062026(5),483552,1,3484.688,3532.816,0.363,convulsive
B4_W2_D1_28062026(5),483552,1,3536.34,3542.584,0.335,convulsive
B4_W2_D1_28062026(5),483552,1,3548.96,3554.768,0.36,convulsive
B4_W2_D1_28062026(5),483552,1,3558.268,3565.292,0.388,convulsive
B4_W2_D1_28062026(5),483552,1,3571.716,3581.068,0.307,convulsive
B4_W2_D1_28062026(5),483552,1,3843.032,3848.916,0.464,convulsive
B4_W2_D1_28062026(5),483552,1,3859.868,3870.0,0.384,convulsive
B4_W2_D1_28062026(5),483552,1,3884.224,3900.868,0.552,convulsive
B4_W2_D1_28062026(5),483552,1,3951.176,3972.492,0.56,convulsive
B4_W2_D1_28062026(5),483552,1,3984.02,3990.108,0.501,convulsive
B4_W2_D1_28062026(5),483552,1,4011.832,4017.852,0.406,convulsive
B4_W2_D1_28062026(5),483552,1,4026.38,4041.348,0.851,convulsive
B4_W2_D1_28062026(5),483552,1,4102.38,4110.756,0.507,non_convulsive
B4_W2_D1_28062026(5),483552,1,4192.98,4236.588,0.879,convulsive
B4_W2_D1_28062026(5),483552,1,4252.308,4268.072,0.455,convulsive
B4_W2_D1_28062026(5),483552,1,4304.644,4315.936,0.554,convulsive
B4_W2_D1_28062026(5),483552,1,4353.724,4362.156,0.667,convulsive
B4_W2_D1_28062026(5),483552,1,4436.956,4469.748,0.349,convulsive
B4_W2_D1_28062026(5),483552,1,4483.356,4510.36,0.589,convulsive
B4_W2_D1_28062026(5),483552,1,4690.38,4695.596,0.372,non_convulsive
B4_W2_D1_28062026(5),483552,1,4764.688,4770.564,0.674,convulsive
B4_W2_D1_28062026(5),483552,1,4774.968,4779.98,0.384,convulsive
B4_W2_D1_28062026(5),483552,1,4803.932,4858.1,0.406,convulsive
B4_W2_D1_28062026(5),483552,1,4860.492,4892.344,0.332,convulsive
B4_W2_D1_28062026(5),483552,1,4979.04,4984.88,0.248,non_convulsive
B4_W2_D1_28062026(5),483552,1,5037.816,5050.672,0.271,convulsive
B4_W2_D1_28062026(5),483552,1,5074.492,5080.564,0.619,convulsive
B4_W2_D1_28062026(5),483552,1,5094.7,5134.1,0.502,convulsive
B4_W2_D1_28062026(5),483552,1,5196.6,5203.62,0.34,non_convulsive
B4_W2_D1_28062026(5),483553,3,2188.992,2194.3,0.327,non_convulsive
B4_W2_D1_28062026(5),483553,3,2281.832,2293.496,0.306,non_convulsive
B4_W2_D1_28062026(5),483553,3,2302.668,2309.472,0.352,non_convulsive
B4_W2_D1_28062026(5),483553,3,2321.452,2383.908,0.375,non_convulsive
B4_W2_D1_28062026(5),483553,3,2386.428,2413.784,0.364,non_convulsive
B4_W2_D1_28062026(5),483553,3,2430.9,2456.212,0.315,non_convulsive
B4_W2_D1_28062026(5),483553,3,2807.592,2814.444,0.273,non_convulsive
B4_W2_D1_28062026(5),483553,3,2821.7,2827.792,0.296,non_convulsive
B4_W2_D1_28062026(5),483553,3,3143.744,3149.808,0.322,non_convulsive
B4_W2_D1_28062026(5),483553,3,3648.24,3656.804,0.329,non_convulsive
B4_W2_D1_28062026(5),483553,3,3660.448,3673.7,0.354,non_convulsive
B4_W2_D1_28062026(5),483553,3,3761.144,3767.772,0.267,non_convulsive
B4_W2_D1_28062026(5),483553,3,3770.996,3783.552,0.347,non_convulsive
B4_W2_D1_28062026(5),483553,3,4003.08,4011.14,0.504,non_convulsive
B4_W2_D1_28062026(5),483553,3,4191.868,4216.124,0.32,non_convulsive
B4_W2_D1_28062026(5),483553,3,4239.208,4244.964,0.293,non_convulsive
B4_W2_D1_28062026(5),483553,3,4249.432,4263.148,0.33,non_convulsive
B4_W2_D1_28062026(5),483553,3,4311.876,4317.672,0.255,non_convulsive
B4_W2_D1_28062026(5),483553,3,4321.908,4333.24,0.272,non_convulsive
B4_W2_D1_28062026(5),483553,3,4341.188,4359.48,0.275,non_convulsive
B4_W2_D1_28062026(5),483553,3,4367.44,4374.748,0.276,non_convulsive
B4_W2_D1_28062026(5),483553,3,4449.548,4455.016,0.253,non_convulsive
B4_W2_D1_28062026(5),483553,3,4478.464,4489.344,0.262,non_convulsive
B4_W2_D1_28062026(5),483553,3,4525.032,4531.752,0.314,non_convulsive
B4_W2_D1_28062026(5),483553,3,4591.104,4649.448,0.331,non_convulsive
B4_W2_D1_28062026(5),483553,3,4651.88,4755.06,0.421,non_convulsive
B4_W2_D1_28062026(5),483553,3,5348.544,5354.892,0.298,non_convulsive
B4_W2_D1_28062026(5),483555,5,2.192,8.016,0.261,non_convulsive
B4_W2_D1_28062026(5),483555,5,46.328,52.196,0.339,non_convulsive
B4_W2_D1_28062026(5),483555,5,145.376,163.46,0.403,non_convulsive
B4_W2_D1_28062026(5),483555,5,243.264,248.44,0.301,non_convulsive
B4_W2_D1_28062026(5),483555,5,268.8,298.26,0.476,non_convulsive
B4_W2_D1_28062026(5),483555,5,315.604,348.716,0.524,convulsive
B4_W2_D1_28062026(5),483555,5,362.032,584.988,0.444,convulsive
B4_W2_D1_28062026(5),483555,5,590.436,625.712,0.324,convulsive
B4_W2_D1_28062026(5),483555,5,640.736,692.648,0.37,convulsive
B4_W2_D1_28062026(5),483555,5,696.344,754.3,0.387,convulsive
B4_W2_D1_28062026(5),483555,5,756.588,780.588,0.355,convulsive
B4_W2_D1_28062026(5),483555,5,793.68,806.444,0.406,convulsive
B4_W2_D1_28062026(5),483555,5,840.86,847.976,0.411,convulsive
B4_W2_D1_28062026(5),483555,5,853.9,975.72,0.576,convulsive
B4_W2_D1_28062026(5),483555,5,978.032,1009.82,0.375,convulsive
B4_W2_D1_28062026(5),483555,5,1016.976,1169.0,0.661,convulsive
B4_W2_D1_28062026(5),483555,5,1178.152,1272.556,0.692,convulsive
B4_W2_D1_28062026(5),483555,5,1277.184,1307.588,0.599,convulsive
B4_W2_D1_28062026(5),483555,5,1348.456,1364.308,0.655,non_convulsive
B4_W2_D1_28062026(5),483555,5,2454.784,2468.188,0.286,convulsive
B4_W2_D1_28062026(5),483555,5,2540.428,2550.812,0.266,convulsive
B4_W2_D1_28062026(5),483555,5,2657.884,2663.724,0.237,convulsive
B4_W2_D1_28062026(5),483555,5,2686.696,2704.076,0.253,convulsive
B4_W2_D1_28062026(5),483555,5,2715.0,2742.524,0.28,convulsive
B4_W2_D1_28062026(5),483555,5,2745.556,2754.416,0.288,convulsive
B4_W2_D1_28062026(5),483555,5,2756.484,2772.448,0.289,convulsive
B4_W2_D1_28062026(5),483555,5,2775.352,2787.268,0.251,convulsive
B4_W2_D1_28062026(5),483555,5,2790.596,2801.476,0.301,convulsive
B4_W2_D1_28062026(5),483555,5,2804.656,2831.876,0.28,convulsive
B4_W2_D1_28062026(5),483555,5,2835.66,2849.728,0.257,convulsive
B4_W2_D1_28062026(5),483555,5,2871.04,2879.26,0.3,convulsive
B4_W2_D1_28062026(5),483555,5,2885.324,3045.34,0.622,convulsive
B4_W2_D1_28062026(5),483555,5,3048.916,3137.924,0.572,convulsive
B4_W2_D1_28062026(5),483555,5,3143.596,3787.232,0.821,convulsive
B4_W2_D1_28062026(5),483555,5,3789.644,3800.652,0.298,convulsive
B4_W2_D1_28062026(5),483555,5,3806.62,3828.044,0.645,convulsive
B4_W2_D1_28062026(5),483555,5,3831.9,3990.616,0.647,convulsive
B4_W2_D1_28062026(5),483555,5,3994.276,4038.164,0.598,convulsive
B4_W2_D1_28062026(5),483555,5,4047.92,4077.896,0.708,convulsive
B4_W2_D1_28062026(5),483555,5,4081.632,4154.236,0.582,convulsive
B4_W2_D1_28062026(5),483555,5,4167.38,4224.18,0.383,convulsive
B4_W2_D1_28062026(5),483555,5,4270.52,4291.568,0.641,convulsive
B4_W2_D1_28062026(5),483555,5,4303.448,4375.376,0.451,convulsive
B4_W2_D1_28062026(5),483555,5,4396.172,4408.928,0.308,convulsive
B4_W2_D1_28062026(5),483555,5,4412.168,4504.276,0.766,convulsive
B4_W2_D1_28062026(5),483555,5,4536.08,4543.292,0.3,convulsive
B4_W2_D1_28062026(5),483555,5,4568.6,4574.756,0.368,non_convulsive
B4_W2_D1_28062026(5),483555,5,4597.008,4609.52,0.275,non_convulsive
B4_W2_D1_28062026(5),483555,5,4646.3,4667.34,0.611,convulsive
B4_W2_D1_28062026(5),483555,5,4670.76,4687.232,0.435,convulsive
B4_W2_D1_28062026(5),483555,5,4690.276,4709.656,0.359,convulsive
B4_W2_D1_28062026(5),483555,5,4714.136,4725.0,0.437,convulsive
B4_W2_D1_28062026(5),483555,5,4728.492,4885.684,0.586,convulsive
B4_W2_D1_28062026(5),483555,5,4895.372,4913.476,0.589,convulsive
B4_W2_D1_28062026(5),483555,5,4929.652,4936.452,0.276,convulsive
B4_W2_D1_28062026(5),483555,5,4975.26,5005.352,0.4,convulsive
B4_W2_D1_28062026(5),483555,5,5199.228,5206.172,0.413,non_convulsive
B4_W2_D3_30062026(10),483552,1,153.74,173.14,0.7,convulsive
B4_W2_D3_30062026(10),483552,1,239.028,252.812,0.452,convulsive
B4_W2_D3_30062026(10),483552,1,360.956,383.684,0.556,convulsive
B4_W2_D3_30062026(10),483552,1,435.264,522.816,0.387,convulsive
B4_W2_D3_30062026(10),483552,1,524.888,560.692,0.327,convulsive
B4_W2_D3_30062026(10),483552,1,570.544,606.104,0.331,convulsive
B4_W2_D3_30062026(10),483552,1,620.256,630.088,0.289,convulsive
B4_W2_D3_30062026(10),483552,1,661.328,670.192,0.466,convulsive
B4_W2_D3_30062026(10),483552,1,831.248,844.792,0.672,non_convulsive
B4_W2_D3_30062026(10),483552,1,939.684,954.692,0.543,convulsive
B4_W2_D3_30062026(10),483552,1,982.304,989.944,0.336,convulsive
B4_W2_D3_30062026(10),483552,1,1132.34,1164.088,0.328,convulsive
B4_W2_D3_30062026(10),483552,1,1935.908,1944.012,0.544,convulsive
B4_W2_D3_30062026(10),483552,1,1948.248,1958.18,0.443,convulsive
B4_W2_D3_30062026(10),483552,1,2007.632,2013.54,0.51,non_convulsive
B4_W2_D3_30062026(10),483552,1,2022.812,2029.792,0.27,convulsive
B4_W2_D3_30062026(10),483552,1,2524.312,2529.332,0.394,convulsive
B4_W2_D3_30062026(10),483552,1,2548.772,2563.552,0.522,convulsive
B4_W2_D3_30062026(10),483552,1,2615.144,2623.756,0.615,convulsive
B4_W2_D3_30062026(10),483552,1,2653.592,2659.096,0.387,convulsive
B4_W2_D3_30062026(10),483552,1,2690.404,2705.616,0.44,convulsive
B4_W2_D3_30062026(10),483552,1,2708.888,2719.808,0.679,convulsive
B4_W2_D3_30062026(10),483552,1,2723.584,2747.48,0.537,convulsive
B4_W2_D3_30062026(10),483552,1,2750.236,2770.452,0.599,convulsive
B4_W2_D3_30062026(10),483552,1,2799.22,2806.636,0.377,convulsive
B4_W2_D3_30062026(10),483552,1,2826.792,2832.924,0.362,convulsive
B4_W2_D3_30062026(10),483552,1,2860.68,2865.736,0.446,convulsive
B4_W2_D3_30062026(10),483552,1,2875.412,2894.384,0.595,convulsive
B4_W2_D3_30062026(10),483552,1,2993.284,2999.36,0.31,convulsive
B4_W2_D3_30062026(10),483552,1,3095.54,3100.744,0.396,non_convulsive
B4_W2_D3_30062026(10),483552,1,3178.816,3204.608,0.506,convulsive
B4_W2_D3_30062026(10),483552,1,3220.432,3236.504,0.476,convulsive
B4_W2_D3_30062026(10),483552,1,3239.012,3244.148,0.303,convulsive
B4_W2_D3_30062026(10),483552,1,3248.456,3267.436,0.402,convulsive
B4_W2_D3_30062026(10),483552,1,3269.956,3299.732,0.5,convulsive
B4_W2_D3_30062026(10),483552,1,3302.62,3316.844,0.604,convulsive
B4_W2_D3_30062026(10),483552,1,3327.46,3341.272,0.631,convulsive
B4_W2_D3_30062026(10),483552,1,3347.14,3352.812,0.398,convulsive
B4_W2_D3_30062026(10),483552,1,3355.724,3363.08,0.399,convulsive
B4_W2_D3_30062026(10),483552,1,3579.88,3585.08,0.412,non_convulsive
B4_W2_D3_30062026(10),483552,1,3876.052,3881.432,0.343,non_convulsive
B4_W2_D3_30062026(10),483552,1,4127.392,4132.78,0.494,convulsive
B4_W2_D3_30062026(10),483552,1,4284.932,4292.268,0.441,non_convulsive
B4_W2_D3_30062026(10),483552,1,4302.048,4308.24,0.385,non_convulsive
B4_W2_D3_30062026(10),483552,1,4553.308,4559.668,0.312,convulsive
B4_W2_D3_30062026(10),483552,1,4571.516,4592.368,0.535,convulsive
B4_W2_D3_30062026(10),483552,1,4632.028,4654.344,0.519,convulsive
B4_W2_D3_30062026(10),483552,1,4661.316,4668.824,0.473,convulsive
B4_W2_D3_30062026(10),483552,1,4800.36,4807.144,0.475,convulsive
B4_W2_D3_30062026(10),483552,1,4884.268,4890.964,0.482,convulsive
B4_W2_D3_30062026(10),483552,1,4942.184,4976.468,0.485,convulsive
B4_W2_D3_30062026(10),483552,1,4979.268,4992.148,0.503,convulsive
B4_W2_D3_30062026(10),483552,1,5003.512,5077.072,0.636,convulsive
B4_W2_D3_30062026(10),483552,1,5213.424,5220.388,0.741,non_convulsive
B4_W2_D3_30062026(10),483553,3,4.824,20.568,0.308,non_convulsive
B4_W2_D3_30062026(10),483553,3,25.36,59.188,0.29,non_convulsive
B4_W2_D3_30062026(10),483553,3,184.356,192.004,0.236,non_convulsive
B4_W2_D3_30062026(10),483553,3,212.444,217.708,0.286,non_convulsive
B4_W2_D3_30062026(10),483553,3,253.976,290.944,0.304,non_convulsive
B4_W2_D3_30062026(10),483553,3,381.424,405.248,0.28,non_convulsive
B4_W2_D3_30062026(10),483553,3,442.048,466.732,0.264,non_convulsive
B4_W2_D3_30062026(10),483553,3,607.52,627.28,0.292,non_convulsive
B4_W2_D3_30062026(10),483553,3,1195.16,1206.904,0.29,non_convulsive
B4_W2_D3_30062026(10),483553,3,1343.616,1361.712,0.346,non_convulsive
B4_W2_D3_30062026(10),483553,3,1421.492,1427.296,0.417,non_convulsive
B4_W2_D3_30062026(10),483553,3,1444.404,1451.044,0.401,non_convulsive
B4_W2_D3_30062026(10),483553,3,1475.648,1483.54,0.296,non_convulsive
B4_W2_D3_30062026(10),483553,3,1508.992,1520.056,0.282,non_convulsive
B4_W2_D3_30062026(10),483553,3,1565.548,1571.948,0.299,non_convulsive
B4_W2_D3_30062026(10),483553,3,1585.504,1592.828,0.35,non_convulsive
B4_W2_D3_30062026(10),483553,3,1603.3,1608.728,0.26,non_convulsive
B4_W2_D3_30062026(10),483553,3,1632.124,1646.036,0.337,non_convulsive
B4_W2_D3_30062026(10),483553,3,1650.46,1662.124,0.338,non_convulsive
B4_W2_D3_30062026(10),483553,3,1683.332,1689.956,0.442,non_convulsive
B4_W2_D3_30062026(10),483553,3,2018.696,2027.516,0.531,non_convulsive
B4_W2_D3_30062026(10),483553,3,2031.584,2042.164,0.457,non_convulsive
B4_W2_D3_30062026(10),483553,3,2049.844,2058.448,0.331,non_convulsive
B4_W2_D3_30062026(10),483553,3,2078.8,2084.616,0.447,non_convulsive
B4_W2_D3_30062026(10),483553,3,2129.912,2139.716,0.617,non_convulsive
B4_W2_D3_30062026(10),483553,3,2206.136,2213.448,0.291,non_convulsive
B4_W2_D3_30062026(10),483553,3,2275.088,2280.68,0.539,non_convulsive
B4_W2_D3_30062026(10),483553,3,2298.876,2333.54,0.407,non_convulsive
B4_W2_D3_30062026(10),483553,3,2371.856,2396.096,0.562,non_convulsive
B4_W2_D3_30062026(10),483553,3,2403.188,2410.82,0.451,non_convulsive
B4_W2_D3_30062026(10),483553,3,2436.644,2444.212,0.388,non_convulsive
B4_W2_D3_30062026(10),483553,3,2472.044,2490.212,0.327,non_convulsive
B4_W2_D3_30062026(10),483553,3,2498.768,2504.508,0.301,non_convulsive
B4_W2_D3_30062026(10),483553,3,2768.524,2776.796,0.483,non_convulsive
B4_W2_D3_30062026(10),483553,3,2797.44,2802.6,0.356,non_convulsive
B4_W2_D3_30062026(10),483553,3,2818.616,2823.656,0.448,non_convulsive
B4_W2_D3_30062026(10),483553,3,2865.776,2871.26,0.284,non_convulsive
B4_W2_D3_30062026(10),483553,3,2895.972,2909.2,0.559,non_convulsive
B4_W2_D3_30062026(10),483553,3,2934.696,2955.948,0.413,non_convulsive
B4_W2_D3_30062026(10),483553,3,2989.212,2999.392,0.353,non_convulsive
B4_W2_D3_30062026(10),483553,3,3082.992,3090.112,0.319,non_convulsive
B4_W2_D3_30062026(10),483553,3,3103.376,3115.124,0.353,non_convulsive
B4_W2_D3_30062026(10),483553,3,3146.376,3164.128,0.431,non_convulsive
B4_W2_D3_30062026(10),483553,3,3186.06,3192.06,0.439,non_convulsive
B4_W2_D3_30062026(10),483553,3,3267.316,3274.616,0.434,non_convulsive
B4_W2_D3_30062026(10),483553,3,3289.324,3303.84,0.298,non_convulsive
B4_W2_D3_30062026(10),483553,3,3330.656,3336.316,0.536,non_convulsive
B4_W2_D3_30062026(10),483553,3,3350.42,3361.392,0.329,non_convulsive
B4_W2_D3_30062026(10),483553,3,3380.592,3398.804,0.478,non_convulsive
B4_W2_D3_30062026(10),483553,3,3408.332,3414.684,0.332,non_convulsive
B4_W2_D3_30062026(10),483553,3,3424.068,3434.652,0.43,non_convulsive
B4_W2_D3_30062026(10),483553,3,3471.336,3477.768,0.431,non_convulsive
B4_W2_D3_30062026(10),483553,3,3590.048,3599.264,0.385,non_convulsive
B4_W2_D3_30062026(10),483553,3,3602.72,3609.752,0.311,non_convulsive
B4_W2_D3_30062026(10),483553,3,3645.108,3655.548,0.43,non_convulsive
B4_W2_D3_30062026(10),483553,3,3658.748,3663.756,0.412,non_convulsive
B4_W2_D3_30062026(10),483553,3,3674.184,3686.356,0.292,non_convulsive
B4_W2_D3_30062026(10),483553,3,3900.888,3906.852,0.306,non_convulsive
B4_W2_D3_30062026(10),483553,3,3940.296,3959.208,0.433,non_convulsive
B4_W2_D3_30062026(10),483553,3,4000.64,4006.176,0.343,non_convulsive
B4_W2_D3_30062026(10),483553,3,4281.856,4287.572,0.231,non_convulsive
B4_W2_D3_30062026(10),483553,3,4559.512,4565.584,0.429,non_convulsive
B4_W2_D3_30062026(10),483553,3,4815.492,4821.584,0.345,non_convulsive
B4_W2_D3_30062026(10),483553,3,5112.58,5118.396,0.34,non_convulsive
B4_W2_D3_30062026(10),483555,5,77.212,100.852,0.489,non_convulsive
B4_W2_D3_30062026(10),483555,5,104.44,111.664,0.46,non_convulsive
B4_W2_D3_30062026(10),483555,5,322.392,328.128,0.341,non_convulsive
B4_W2_D3_30062026(10),483555,5,567.572,575.112,0.271,non_convulsive
B4_W2_D3_30062026(10),483555,5,593.932,598.94,0.36,non_convulsive
B4_W2_D3_30062026(10),483555,5,925.392,936.232,0.359,non_convulsive
B4_W2_D3_30062026(10),483555,5,950.54,970.62,0.564,non_convulsive
B4_W2_D3_30062026(10),483555,5,1128.64,1137.288,0.419,non_convulsive
B4_W2_D3_30062026(10),483555,5,1247.344,1252.812,0.328,non_convulsive
B4_W2_D3_30062026(10),483555,5,1420.696,1436.424,0.262,non_convulsive
B4_W2_D3_30062026(10),483555,5,1438.7,1462.56,0.442,non_convulsive
B4_W2_D3_30062026(10),483555,5,1472.736,1485.0,0.295,non_convulsive
B4_W2_D3_30062026(10),483555,5,1494.056,1512.02,0.335,non_convulsive
B4_W2_D3_30062026(10),483555,5,1533.928,1539.916,0.313,non_convulsive
B4_W2_D3_30062026(10),483555,5,1553.268,1570.564,0.281,non_convulsive
B4_W2_D3_30062026(10),483555,5,1686.216,1696.132,0.502,non_convulsive
B4_W2_D3_30062026(10),483555,5,1819.276,1859.396,0.466,non_convulsive
B4_W2_D3_30062026(10),483555,5,1914.652,1923.272,0.478,non_convulsive
B4_W2_D3_30062026(10),483555,5,1928.848,1935.0,0.352,non_convulsive
B4_W2_D3_30062026(10),483555,5,1938.828,1999.516,0.451,non_convulsive
B4_W2_D3_30062026(10),483555,5,2026.616,2037.708,0.376,non_convulsive
B4_W2_D3_30062026(10),483555,5,2047.392,2056.672,0.313,non_convulsive
B4_W2_D3_30062026(10),483555,5,2142.808,2155.216,0.371,non_convulsive
B4_W2_D3_30062026(10),483555,5,2247.836,2259.78,0.389,non_convulsive
B4_W2_D3_30062026(10),483555,5,2302.74,2328.58,0.3,non_convulsive
B4_W2_D3_30062026(10),483555,5,2332.748,2352.692,0.352,non_convulsive
B4_W2_D3_30062026(10),483555,5,2360.504,2394.928,0.489,convulsive
B4_W2_D3_30062026(10),483555,5,2422.304,2428.932,0.325,non_convulsive
B4_W2_D3_30062026(10),483555,5,2466.912,2485.928,0.641,convulsive
B4_W2_D3_30062026(10),483555,5,2490.0,2509.26,0.292,non_convulsive
B4_W2_D3_30062026(10),483555,5,2513.312,2547.58,0.339,non_convulsive
B4_W2_D3_30062026(10),483555,5,2559.344,2606.204,0.445,non_convulsive
B4_W2_D3_30062026(10),483555,5,2610.088,3486.28,0.71,non_convulsive
B4_W2_D3_30062026(10),483555,5,3490.648,3740.236,0.703,non_convulsive
B4_W2_D3_30062026(10),483555,5,3748.14,3837.944,0.715,non_convulsive
B4_W2_D3_30062026(10),483555,5,3840.34,3991.948,0.631,non_convulsive
B4_W2_D3_30062026(10),483555,5,4001.896,4042.252,0.611,non_convulsive
B4_W2_D3_30062026(10),483555,5,4044.412,4288.784,0.725,convulsive
B4_W2_D3_30062026(10),483555,5,4301.104,5400.0,0.68,non_convulsive
B4_W2_D3_30062026(14),483552,1,3315.296,3320.78,0.518,non_convulsive
B4_W2_D3_30062026(14),483552,1,3582.472,3587.568,0.327,convulsive
B4_W2_D3_30062026(14),483553,3,78.464,131.968,0.331,non_convulsive
B4_W2_D3_30062026(14),483553,3,227.308,234.816,0.268,non_convulsive
B4_W2_D3_30062026(14),483553,3,258.624,264.988,0.247,non_convulsive
B4_W2_D3_30062026(14),483553,3,270.524,278.38,0.312,non_convulsive
B4_W2_D3_30062026(14),483553,3,288.928,293.96,0.248,non_convulsive
B4_W2_D3_30062026(14),483553,3,921.024,929.004,0.236,non_convulsive
B4_W2_D3_30062026(14),483553,3,948.312,954.564,0.274,non_convulsive
B4_W2_D3_30062026(14),483553,3,1608.96,1614.076,0.304,non_convulsive
B4_W2_D3_30062026(14),483553,3,2098.088,2103.092,0.318,non_convulsive
B4_W2_D3_30062026(14),483553,3,2611.708,2618.564,0.223,non_convulsive
B4_W2_D3_30062026(14),483553,3,2765.112,2770.452,0.278,non_convulsive
B4_W2_D3_30062026(14),483553,3,3044.52,3051.696,0.258,non_convulsive
B4_W2_D3_30062026(14),483553,3,3082.48,3088.076,0.246,non_convulsive
B4_W2_D3_30062026(14),483553,3,3093.936,3103.072,0.253,non_convulsive
B4_W2_D3_30062026(14),483553,3,3108.196,3113.228,0.243,non_convulsive
B4_W2_D3_30062026(14),483553,3,3345.84,3353.444,0.266,non_convulsive
B4_W2_D3_30062026(14),483553,3,3636.424,3641.432,0.25,non_convulsive
B4_W2_D3_30062026(14),483553,3,3712.376,3725.96,0.276,non_convulsive
B4_W2_D3_30062026(14),483553,3,4167.084,4172.364,0.327,non_convulsive
B4_W2_D3_30062026(14),483553,3,5339.932,5349.06,0.25,non_convulsive
B4_W2_D3_30062026(14),483555,5,537.92,547.436,0.304,non_convulsive
B4_W2_D3_30062026(14),483555,5,560.072,567.8,0.313,convulsive
B4_W2_D3_30062026(14),483555,5,579.56,590.5,0.27,convulsive
B4_W2_D3_30062026(14),483555,5,593.072,646.396,0.458,convulsive
B4_W2_D3_30062026(14),483555,5,648.624,656.296,0.288,convulsive
B4_W2_D3_30062026(14),483555,5,692.048,896.932,0.499,convulsive
B4_W2_D3_30062026(14),483555,5,913.74,967.012,0.395,convulsive
B4_W2_D3_30062026(14),483555,5,991.336,999.636,0.382,non_convulsive
B4_W2_D3_30062026(14),483555,5,1002.232,1010.396,0.443,non_convulsive
B4_W2_D3_30062026(14),483555,5,1033.464,1041.372,0.338,non_convulsive
B4_W2_D3_30062026(14),483555,5,1049.92,1064.276,0.38,convulsive
B4_W2_D3_30062026(14),483555,5,1080.2,1085.48,0.281,convulsive
B4_W2_D3_30062026(14),483555,5,1105.628,1278.592,0.672,convulsive
B4_W2_D3_30062026(14),483555,5,1284.928,1295.276,0.282,non_convulsive
B4_W2_D3_30062026(14),483555,5,1396.872,1404.056,0.406,non_convulsive
B4_W2_D3_30062026(14),483555,5,1481.52,1487.272,0.301,non_convulsive
B4_W2_D3_30062026(14),483555,5,1518.364,1524.636,0.253,non_convulsive
B4_W2_D3_30062026(14),483555,5,2251.152,2257.824,0.314,non_convulsive
B4_W2_D3_30062026(14),483555,5,2895.728,2901.72,0.261,non_convulsive
B4_W2_D3_30062026(14),483555,5,3331.196,3337.324,0.281,non_convulsive
B4_W2_D3_30062026(8),483552,1,316.968,322.176,0.407,non_convulsive
B4_W2_D3_30062026(8),483552,1,331.024,338.164,0.256,non_convulsive
B4_W2_D3_30062026(8),483552,1,351.364,358.28,0.37,non_convulsive
B4_W2_D3_30062026(8),483552,1,413.312,418.46,0.306,convulsive
B4_W2_D3_30062026(8),483552,1,451.456,456.84,0.268,convulsive
B4_W2_D3_30062026(8),483552,1,459.792,471.624,0.312,non_convulsive
B4_W2_D3_30062026(8),483552,1,474.352,483.32,0.252,convulsive
B4_W2_D3_30062026(8),483552,1,509.16,522.128,0.294,convulsive
B4_W2_D3_30062026(8),483552,1,525.872,536.328,0.271,convulsive
B4_W2_D3_30062026(8),483552,1,546.016,558.212,0.261,non_convulsive
B4_W2_D3_30062026(8),483552,1,560.704,570.372,0.316,non_convulsive
B4_W2_D3_30062026(8),483552,1,2104.352,2113.608,0.395,non_convulsive
B4_W2_D3_30062026(8),483552,1,2117.656,2131.348,0.284,non_convulsive
B4_W2_D3_30062026(8),483552,1,2175.0,2181.512,0.306,non_convulsive
B4_W2_D3_30062026(8),483552,1,2921.568,2927.712,0.534,convulsive
B4_W2_D3_30062026(8),483552,1,2940.04,2949.396,0.298,convulsive
B4_W2_D3_30062026(8),483552,1,3121.772,3128.32,0.323,non_convulsive
B4_W2_D3_30062026(8),483552,1,3153.808,3164.204,0.386,convulsive
B4_W2_D3_30062026(8),483552,1,3345.748,3354.256,0.47,non_convulsive
B4_W2_D3_30062026(8),483552,1,3485.408,3491.256,0.7,convulsive
B4_W2_D3_30062026(8),483552,1,3609.756,3625.852,0.416,convulsive
B4_W2_D3_30062026(8),483552,1,3666.016,3677.0,0.274,convulsive
B4_W2_D3_30062026(8),483552,1,3679.508,3686.12,0.371,convulsive
B4_W2_D3_30062026(8),483552,1,4168.764,4371.48,0.365,convulsive
B4_W2_D3_30062026(8),483552,1,4384.892,4392.888,0.274,convulsive
B4_W2_D3_30062026(8),483552,1,4416.496,4427.84,0.292,convulsive
B4_W2_D3_30062026(8),483552,1,4435.288,4450.6,0.277,convulsive
B4_W2_D3_30062026(8),483552,1,4478.92,4484.124,0.317,convulsive
B4_W2_D3_30062026(8),483552,1,4491.92,4497.716,0.279,convulsive
B4_W2_D3_30062026(8),483552,1,4507.212,4514.324,0.281,convulsive
B4_W2_D3_30062026(8),483552,1,4584.404,4590.0,0.257,convulsive
B4_W2_D3_30062026(8),483553,3,401.052,408.38,0.289,non_convulsive
B4_W2_D3_30062026(8),483553,3,737.872,743.564,0.284,non_convulsive
B4_W2_D3_30062026(8),483553,3,1238.376,1243.428,0.294,non_convulsive
B4_W2_D3_30062026(8),483553,3,1504.816,1510.404,0.327,non_convulsive
B4_W2_D3_30062026(8),483553,3,2332.748,2339.108,0.252,non_convulsive
B4_W2_D3_30062026(8),483553,3,3435.204,3440.712,0.317,non_convulsive
B4_W2_D3_30062026(8),483553,3,4137.176,4148.768,0.428,convulsive
B4_W2_D3_30062026(8),483553,3,4471.756,4478.076,0.274,non_convulsive
B4_W2_D3_30062026(8),483553,3,4481.588,4492.496,0.343,non_convulsive
B4_W2_D3_30062026(8),483553,3,4670.632,4678.424,0.395,non_convulsive
B4_W2_D3_30062026(8),483553,3,4737.928,4745.224,0.356,non_convulsive
B4_W2_D3_30062026(8),483553,3,4805.056,4812.52,0.437,non_convulsive
B4_W2_D3_30062026(8),483553,3,4851.448,4859.496,0.321,non_convulsive
B4_W2_D3_30062026(8),483553,3,4878.004,4889.908,0.409,non_convulsive
B4_W2_D3_30062026(8),483553,3,5067.024,5074.096,0.568,non_convulsive
B4_W2_D3_30062026(8),483553,3,5211.444,5219.604,0.373,non_convulsive
B4_W2_D3_30062026(8),483553,3,5247.26,5257.62,0.56,non_convulsive
B4_W2_D3_30062026(8),483553,3,5312.808,5318.028,0.39,non_convulsive
B4_W2_D3_30062026(8),483553,3,5325.272,5335.052,0.387,non_convulsive
B4_W2_D3_30062026(8),483553,3,5338.992,5350.388,0.531,non_convulsive
B4_W2_D3_30062026(8),483555,5,0.544,172.052,0.7,convulsive
B4_W2_D3_30062026(8),483555,5,181.24,274.064,0.394,convulsive
B4_W2_D3_30062026(8),483555,5,284.968,331.16,0.368,convulsive
B4_W2_D3_30062026(8),483555,5,347.8,355.888,0.309,convulsive
B4_W2_D3_30062026(8),483555,5,361.376,371.112,0.346,convulsive
B4_W2_D3_30062026(8),483555,5,378.124,401.672,0.411,convulsive
B4_W2_D3_30062026(8),483555,5,413.876,463.816,0.743,convulsive
B4_W2_D3_30062026(8),483555,5,468.076,517.636,0.657,convulsive
B4_W2_D3_30062026(8),483555,5,523.844,821.38,0.728,convulsive
B4_W2_D3_30062026(8),483555,5,842.76,945.0,0.578,convulsive
B4_W2_D3_30062026(8),483555,5,995.52,1001.712,0.268,non_convulsive
B4_W2_D3_30062026(8),483555,5,1035.116,1044.024,0.432,non_convulsive
B4_W2_D3_30062026(8),483555,5,1164.192,1184.356,0.312,non_convulsive
B4_W2_D3_30062026(8),483555,5,1194.9,1217.588,0.449,non_convulsive
B4_W2_D3_30062026(8),483555,5,1252.092,1258.516,0.277,non_convulsive
B4_W2_D3_30062026(8),483555,5,1300.408,1308.716,0.305,non_convulsive
B4_W2_D3_30062026(8),483555,5,1446.804,1453.668,0.344,non_convulsive
B4_W2_D3_30062026(8),483555,5,1490.416,1497.868,0.461,non_convulsive
B4_W2_D3_30062026(8),483555,5,1554.06,1566.856,0.436,non_convulsive
B4_W2_D3_30062026(8),483555,5,1691.504,1699.252,0.356,non_convulsive
B4_W2_D3_30062026(8),483555,5,1735.32,1743.744,0.381,non_convulsive
B4_W2_D3_30062026(8),483555,5,1790.412,1845.0,0.47,convulsive
B4_W2_D3_30062026(8),483555,5,1849.436,1859.248,0.425,convulsive
B4_W2_D3_30062026(8),483555,5,1871.012,1886.1,0.451,non_convulsive
B4_W2_D3_30062026(8),483555,5,1890.768,1896.344,0.316,non_convulsive
B4_W2_D3_30062026(8),483555,5,1912.088,1919.628,0.28,non_convulsive
B4_W2_D3_30062026(8),483555,5,1950.3,1968.944,0.367,non_convulsive
B4_W2_D3_30062026(8),483555,5,1993.648,2009.1,0.398,non_convulsive
B4_W2_D3_30062026(8),483555,5,2034.56,2047.144,0.254,non_convulsive
B4_W2_D3_30062026(8),483555,5,2072.904,2215.268,0.52,convulsive
B4_W2_D3_30062026(8),483555,5,2219.584,2229.816,0.291,non_convulsive
B4_W2_D3_30062026(8),483555,5,2237.016,2244.32,0.305,non_convulsive
B4_W2_D3_30062026(8),483555,5,2250.592,2259.94,0.333,non_convulsive
B4_W2_D3_30062026(8),483555,5,2262.188,2267.476,0.27,non_convulsive
B4_W2_D3_30062026(8),483555,5,2299.296,2310.596,0.331,non_convulsive
B4_W2_D3_30062026(8),483555,5,2324.4,2338.908,0.415,non_convulsive
B4_W2_D3_30062026(8),483555,5,2354.952,2360.364,0.278,non_convulsive
B4_W2_D3_30062026(8),483555,5,2365.756,2379.88,0.362,non_convulsive
B4_W2_D3_30062026(8),483555,5,2392.752,2457.864,0.525,convulsive
B4_W2_D3_30062026(8),483555,5,2466.912,2477.776,0.302,convulsive
B4_W2_D3_30062026(8),483555,5,2486.976,2504.404,0.356,convulsive
B4_W2_D3_30062026(8),483555,5,2506.748,2532.548,0.429,non_convulsive
B4_W2_D3_30062026(8),483555,5,2544.096,2552.468,0.263,non_convulsive
B4_W2_D3_30062026(8),483555,5,2573.052,2583.808,0.379,non_convulsive
B4_W2_D3_30062026(8),483555,5,2633.044,2642.476,0.302,non_convulsive
B4_W2_D3_30062026(8),483555,5,2691.936,2812.276,0.431,convulsive
B4_W2_D3_30062026(8),483555,5,2818.36,2852.456,0.385,convulsive
B4_W2_D3_30062026(8),483555,5,2868.056,2874.836,0.265,non_convulsive
B4_W2_D3_30062026(8),483555,5,2880.552,2890.476,0.3,non_convulsive
B4_W2_D3_30062026(8),483555,5,2902.72,2910.852,0.295,non_convulsive
B4_W2_D3_30062026(8),483555,5,2952.84,2964.14,0.493,non_convulsive
B4_W2_D3_30062026(8),483555,5,3136.848,3145.02,0.343,non_convulsive
B4_W2_D3_30062026(8),483555,5,3218.968,3224.116,0.257,non_convulsive
B4_W2_D3_30062026(8),483555,5,3311.388,3321.312,0.343,non_convulsive
B4_W2_D3_30062026(8),483555,5,3347.472,3393.344,0.369,convulsive
B4_W2_D3_30062026(8),483555,5,3398.816,3447.684,0.528,convulsive
B4_W2_D3_30062026(8),483555,5,3452.992,3533.8,0.376,convulsive
B4_W2_D3_30062026(8),483555,5,3650.468,3656.628,0.375,non_convulsive
B4_W2_D3_30062026(8),483555,5,3752.092,3757.828,0.337,non_convulsive
B4_W2_D3_30062026(8),483555,5,3966.7,3971.74,0.307,non_convulsive
B4_W2_D3_30062026(8),483555,5,4074.556,4082.424,0.387,non_convulsive
B4_W2_D3_30062026(8),483555,5,4350.9,4364.692,0.44,non_convulsive
B4_W2_D3_30062026(8),483555,5,4375.732,4382.352,0.23,convulsive
B4_W2_D3_30062026(8),483555,5,4393.068,4403.468,0.302,non_convulsive
B4_W2_D3_30062026(8),483555,5,4582.176,4590.048,0.369,non_convulsive
B4_W2_D3_30062026(8),483555,5,4593.42,4603.428,0.35,non_convulsive
B4_W2_D3_30062026(8),483555,5,4609.008,4622.096,0.279,convulsive
B4_W2_D3_30062026(8),483555,5,4627.22,4654.66,0.461,convulsive
B4_W2_D3_30062026(8),483555,5,4656.888,4680.828,0.317,non_convulsive
B4_W2_D3_30062026(8),483555,5,4746.104,4754.68,0.365,non_convulsive
B4_W2_D3_30062026(8),483555,5,4944.276,4964.668,0.441,non_convulsive
B4_W2_D3_30062026(8),483555,5,4970.532,4978.252,0.295,convulsive
B4_W2_D3_30062026(8),483555,5,5009.864,5023.836,0.361,non_convulsive
B4_W2_D3_30062026(8),483555,5,5059.392,5081.352,0.315,convulsive
B4_W2_D3_30062026(8),483555,5,5086.68,5092.308,0.263,convulsive
B4_W2_D3_30062026(8),483555,5,5100.672,5174.52,0.353,convulsive
B4_W2_D3_30062026(8),483555,5,5179.268,5186.496,0.295,non_convulsive
B4_W2_D5_02072026(14),483552,1,3840.192,3849.78,0.471,convulsive
B4_W2_D5_02072026(14),483552,1,3855.404,3882.916,0.552,convulsive
B4_W2_D5_02072026(14),483552,1,3995.588,4000.784,0.423,non_convulsive
B4_W2_D5_02072026(14),483552,1,4119.38,4183.896,0.435,convulsive
B4_W2_D5_02072026(14),483552,1,4187.272,4193.12,0.392,convulsive
B4_W2_D5_02072026(14),483552,1,4225.896,4236.184,0.408,non_convulsive
B4_W2_D5_02072026(14),483552,1,4265.308,4274.2,0.422,non_convulsive
B4_W2_D5_02072026(14),483552,1,4489.12,4496.428,0.39,non_convulsive
B4_W2_D5_02072026(14),483552,1,4869.204,4874.472,0.526,non_convulsive
B4_W2_D5_02072026(14),483552,1,5295.892,5302.14,0.309,non_convulsive
B4_W2_D5_02072026(14),483553,3,28.02,39.7,0.286,non_convulsive
B4_W2_D5_02072026(14),483553,3,42.984,58.04,0.28,non_convulsive
B4_W2_D5_02072026(14),483553,3,241.008,257.008,0.479,non_convulsive
B4_W2_D5_02072026(14),483553,3,273.816,302.984,0.513,non_convulsive
B4_W2_D5_02072026(14),483553,3,324.432,336.216,0.472,non_convulsive
B4_W2_D5_02072026(14),483553,3,345.048,357.244,0.513,non_convulsive
B4_W2_D5_02072026(14),483553,3,414.964,424.552,0.443,non_convulsive
B4_W2_D5_02072026(14),483553,3,436.568,450.0,0.473,non_convulsive
B4_W2_D5_02072026(14),483553,3,460.16,468.592,0.277,non_convulsive
B4_W2_D5_02072026(14),483553,3,475.956,481.46,0.347,non_convulsive
B4_W2_D5_02072026(14),483553,3,525.408,540.776,0.333,non_convulsive
B4_W2_D5_02072026(14),483553,3,637.796,643.016,0.493,non_convulsive
B4_W2_D5_02072026(14),483553,3,691.304,699.376,0.419,non_convulsive
B4_W2_D5_02072026(14),483553,3,705.904,716.2,0.307,non_convulsive
B4_W2_D5_02072026(14),483553,3,1023.38,1469.208,0.385,non_convulsive
B4_W2_D5_02072026(14),483553,3,1472.98,1511.592,0.298,non_convulsive
B4_W2_D5_02072026(14),483553,3,1519.056,1559.716,0.286,non_convulsive
B4_W2_D5_02072026(14),483553,3,1574.076,1580.852,0.265,non_convulsive
B4_W2_D5_02072026(14),483553,3,1586.792,1591.888,0.255,non_convulsive
B4_W2_D5_02072026(14),483553,3,1597.408,1614.376,0.294,non_convulsive
B4_W2_D5_02072026(14),483553,3,1622.532,1629.272,0.288,non_convulsive
B4_W2_D5_02072026(14),483553,3,1649.304,1660.856,0.275,non_convulsive
B4_W2_D5_02072026(14),483553,3,1686.052,1694.328,0.298,non_convulsive
B4_W2_D5_02072026(14),483553,3,1696.368,1750.7,0.37,non_convulsive
B4_W2_D5_02072026(14),483553,3,1755.228,1763.876,0.334,non_convulsive
B4_W2_D5_02072026(14),483553,3,1767.06,1777.804,0.276,non_convulsive
B4_W2_D5_02072026(14),483553,3,1786.496,1800.012,0.312,non_convulsive
B4_W2_D5_02072026(14),483553,3,1849.856,1857.112,0.264,non_convulsive
B4_W2_D5_02072026(14),483553,3,1859.896,1866.472,0.302,non_convulsive
B4_W2_D5_02072026(14),483553,3,1876.64,1899.1,0.318,non_convulsive
B4_W2_D5_02072026(14),483553,3,2099.44,2104.66,0.284,non_convulsive
B4_W2_D5_02072026(14),483553,3,2226.256,2234.064,0.332,non_convulsive
B4_W2_D5_02072026(14),483553,3,2535.0,2555.916,0.333,non_convulsive
B4_W2_D5_02072026(14),483553,3,2559.504,2579.464,0.361,non_convulsive
B4_W2_D5_02072026(14),483553,3,2726.796,2737.848,0.349,non_convulsive
B4_W2_D5_02072026(14),483553,3,2740.244,2759.336,0.332,non_convulsive
B4_W2_D5_02072026(14),483553,3,2773.3,2801.432,0.304,non_convulsive
B4_W2_D5_02072026(14),483553,3,3065.564,3070.652,0.256,non_convulsive
B4_W2_D5_02072026(14),483553,3,3213.42,3218.5,0.265,non_convulsive
B4_W2_D5_02072026(14),483553,3,3481.108,3488.32,0.288,non_convulsive
B4_W2_D5_02072026(14),483553,3,3498.876,3506.92,0.365,non_convulsive
B4_W2_D5_02072026(14),483553,3,3627.432,3633.4,0.237,non_convulsive
B4_W2_D5_02072026(14),483553,3,3780.828,3787.148,0.295,non_convulsive
B4_W2_D5_02072026(14),483553,3,4398.556,4404.216,0.305,non_convulsive
B4_W2_D5_02072026(14),483553,3,4507.484,4521.332,0.298,non_convulsive
B4_W2_D5_02072026(14),483555,5,17.072,30.808,0.318,non_convulsive
B4_W2_D5_02072026(14),483555,5,52.268,95.112,0.369,non_convulsive
B4_W2_D5_02072026(14),483555,5,189.804,260.488,0.305,non_convulsive
B4_W2_D5_02072026(14),483555,5,264.492,280.116,0.506,non_convulsive
B4_W2_D5_02072026(14),483555,5,293.992,305.572,0.261,non_convulsive
B4_W2_D5_02072026(14),483555,5,460.112,472.904,0.36,non_convulsive
B4_W2_D5_02072026(14),483555,5,549.152,554.904,0.334,non_convulsive
B4_W2_D5_02072026(14),483555,5,768.764,774.256,0.358,non_convulsive
B4_W2_D5_02072026(14),483555,5,941.076,947.984,0.296,non_convulsive
B4_W2_D5_02072026(14),483555,5,950.476,956.22,0.287,non_convulsive
B4_W2_D5_02072026(14),483555,5,1012.164,1018.484,0.278,non_convulsive
B4_W2_D5_02072026(14),483555,5,1050.0,1056.9,0.302,non_convulsive
B4_W2_D5_02072026(14),483555,5,1217.464,1226.728,0.284,non_convulsive
B4_W2_D5_02072026(14),483555,5,1297.36,1304.976,0.348,non_convulsive
B4_W2_D5_02072026(14),483555,5,1368.832,1374.908,0.3,non_convulsive
B4_W2_D5_02072026(14),483555,5,1392.656,1408.556,0.288,non_convulsive
B4_W2_D5_02072026(14),483555,5,1423.704,1431.78,0.315,non_convulsive
B4_W2_D5_02072026(14),483555,5,1625.656,1631.036,0.284,non_convulsive
B4_W2_D5_02072026(14),483555,5,1653.072,1665.16,0.275,non_convulsive
B4_W2_D5_02072026(14),483555,5,1703.56,1710.04,0.323,non_convulsive
B4_W2_D5_02072026(14),483555,5,1970.108,1975.624,0.307,non_convulsive
B4_W2_D5_02072026(14),483555,5,1979.896,1985.484,0.255,non_convulsive
B4_W2_D5_02072026(14),483555,5,2656.008,2661.216,0.392,non_convulsive
B4_W2_D5_02072026(14),483555,5,2917.064,2923.652,0.379,non_convulsive
B4_W2_D5_02072026(14),483555,5,3362.876,3368.272,0.284,non_convulsive
B4_W2_D5_02072026(14),483555,5,4346.808,4360.972,0.311,non_convulsive
B4_W2_D5_02072026(14),483555,5,4412.348,4421.816,0.379,non_convulsive
B4_W2_D5_02072026(14),483555,5,4447.52,4458.352,0.244,non_convulsive
B4_W2_D5_02072026(14),483555,5,4487.828,4495.292,0.256,non_convulsive
B4_W2_D5_02072026(14),483555,5,4535.248,4616.356,0.419,non_convulsive
B4_W2_D5_02072026(14),483555,5,4619.428,4636.616,0.323,non_convulsive
B4_W2_D5_02072026(14),483555,5,4729.7,4744.408,0.306,non_convulsive
B4_W2_D5_02072026(14),483555,5,4760.748,4767.716,0.444,non_convulsive
B4_W2_D5_02072026(14),483555,5,5019.296,5033.524,0.332,non_convulsive
B4_W2_D5_02072026(14),483555,5,5042.224,5057.316,0.333,non_convulsive
B4_W2_D5_02072026(14),483555,5,5122.02,5141.724,0.358,non_convulsive
B4_W2_D5_02072026(14),483555,5,5163.168,5172.028,0.322,non_convulsive
B4_W2_D5_02072026(14),483555,5,5179.988,5199.624,0.383,non_convulsive
B4_W2_D5_02072026(14),483555,5,5204.432,5214.452,0.315,non_convulsive
B4_W2_D5_02072026(14),483555,5,5240.036,5245.912,0.309,non_convulsive
B4_W2_D5_02072026(14),483555,5,5254.584,5260.736,0.254,non_convulsive
B4_W2_D5_02072026(14),483555,5,5271.688,5276.788,0.331,non_convulsive
B4_W2_D5_02072026(14),483555,5,5286.068,5298.908,0.288,non_convulsive
B4_W2_D5_02072026(14),483555,5,5304.26,5310.772,0.341,non_convulsive
B4_W2_D5_02072026(14),483555,5,5339.256,5345.764,0.252,non_convulsive
