stem,channel,label,start_s,end_s,file_duration_s,overrun_s
B4_W1_D1_21062026(1),8,False,7880.308,7943.548,5400.0,2543.5
B4_W1_D1_21062026(1),8,False,8400.074,8420.464,5400.0,3020.5
B4_W1_D1_21062026(1),7,False,9464.446,9514.68,5400.0,4114.7
B4_W1_D1_21062026(10),7,False,5832.377,5858.336,5400.0,458.3
B4_W1_D1_21062026(10),8,False,6215.567,6235.333,5400.0,835.3
B4_W1_D1_21062026(10),8,False,6978.51,7049.138,5400.0,1649.1
B4_W1_D1_21062026(10),8,False,7485.859,7592.505,5400.0,2192.5
B4_W1_D1_21062026(10),1,Seizure,7559.358848030019,7590.653407129456,5400.0,2190.7
B4_W1_D1_21062026(10),8,False,7596.242,7643.149,5400.0,2243.1
B4_W1_D1_21062026(10),7,False,7614.24,7644.101,5400.0,2244.1
B4_W1_D1_21062026(10),5,False,9657.574,9751.208,5400.0,4351.2
B4_W1_D1_21062026(10),1,False,7686.908,7702.66,5400.0,2302.7
B4_W1_D1_21062026(10),7,False,9801.807,9857.039,5400.0,4457.0
B4_W1_D1_21062026(10),7,False,9859.421,9909.398,5400.0,4509.4
B4_W1_D1_21062026(10),7,False,9912.364,9975.225,5400.0,4575.2
B4_W1_D1_21062026(10),7,False,10636.898,10693.855,5400.0,5293.9
B4_W1_D1_21062026(11),1,False,9841.27,9903.449,5400.0,4503.4
B4_W1_D1_21062026(12),7,False,6278.976,6316.092,5400.0,916.1
B4_W1_D1_21062026(12),7,False,7325.162,7353.969,5400.0,1954.0
B4_W1_D1_21062026(12),7,False,7479.446,7511.605,5400.0,2111.6
B4_W1_D1_21062026(12),1,False,8096.751,8112.181,5400.0,2712.2
B4_W1_D1_21062026(12),1,False,8137.831,8155.181,5400.0,2755.2
B4_W1_D1_21062026(12),7,False,10558.076,10596.256,5400.0,5196.3
B4_W1_D1_21062026(13),7,Seizure,5809.734070429105,5821.346306436568,5400.0,421.3
B4_W1_D1_21062026(13),7,False,5880.561,5919.558,5400.0,519.6
B4_W1_D1_21062026(13),7,Seizure,6108.624811100746,6125.258554570895,5400.0,725.3
B4_W1_D1_21062026(13),7,False,6219.458,6244.782,5400.0,844.8
B4_W1_D1_21062026(13),7,False,6517.637,6537.813,5400.0,1137.8
B4_W1_D1_21062026(13),7,False,6792.565,6810.689,5400.0,1410.7
B4_W1_D1_21062026(13),7,False,6843.283,6888.766,5400.0,1488.8
B4_W1_D1_21062026(13),7,False,8400.56,8431.874,5400.0,3031.9
B4_W1_D1_21062026(13),7,False,8434.598,8453.298,5400.0,3053.3
B4_W1_D1_21062026(13),7,False,10215.819,10240.608,5400.0,4840.6
B4_W1_D1_21062026(13),7,False,10345.049,10373.593,5400.0,4973.6
B4_W1_D1_21062026(13),1,False,10693.56,10739.999,5400.0,5340.0
B4_W1_D1_21062026(14),7,False,8046.497,8142.111,5400.0,2742.1
B4_W1_D1_21062026(14),7,False,8396.63,8488.552,5400.0,3088.6
B4_W1_D1_21062026(14),7,False,9483.515,9500.596,5400.0,4100.6
B4_W1_D1_21062026(14),7,False,9998.842,10032.636,5400.0,4632.6
B4_W1_D1_21062026(15),7,False,6233.062,6263.434,5400.0,863.4
B4_W1_D1_21062026(15),7,False,6461.34,6563.737,5400.0,1163.7
B4_W1_D1_21062026(15),7,False,9096.811,9122.783,5400.0,3722.8
B4_W1_D1_21062026(15),4,False,9623.873,9729.62,5400.0,4329.6
B4_W1_D1_21062026(15),5,False,9743.617,9844.343,5400.0,4444.3
B4_W1_D1_21062026(15),7,False,9896.261,9920.985,5400.0,4521.0
B4_W1_D1_21062026(15),7,False,9923.161,9962.148,5400.0,4562.1
B4_W1_D1_21062026(15),7,False,10058.768,10075.809,5400.0,4675.8
B4_W1_D1_21062026(15),7,False,10145.582,10265.102,5400.0,4865.1
B4_W1_D1_21062026(16),7,False,5384.643,5401.161,5400.0,1.2
B4_W1_D1_21062026(16),7,False,5422.898,5467.891,5400.0,67.9
B4_W1_D1_21062026(16),7,Seizure,6679.855582089553,6723.095,5400.0,1323.1
B4_W1_D1_21062026(16),7,False,8660.748,8682.843,5400.0,3282.8
B4_W1_D1_21062026(16),7,False,8792.605,8852.315,5400.0,3452.3
B4_W1_D1_21062026(2),5,False,5470.157,5505.817,5400.0,105.8
B4_W1_D1_21062026(2),1,False,6344.759,6394.18,5400.0,994.2
B4_W1_D1_21062026(3),8,False,6358.484,6395.471,5400.0,995.5
B4_W1_D1_21062026(4),1,False,7813.948,7896.172,5400.0,2496.2
B4_W1_D1_21062026(4),5,False,8186.236,8270.472,5400.0,2870.5
B4_W1_D1_21062026(4),7,False,10220.257,10298.552,5400.0,4898.6
B4_W1_D1_21062026(4),5,False,10594.688,10666.728,5400.0,5266.7
B4_W1_D1_21062026(5),7,False,6281.341,6334.797,5400.0,934.8
B4_W1_D1_21062026(5),7,False,6336.894,6368.473,5400.0,968.5
B4_W1_D1_21062026(5),7,False,6376.458,6432.553,5400.0,1032.6
B4_W1_D1_21062026(5),7,False,6488.249,6533.239,5400.0,1133.2
B4_W1_D1_21062026(5),7,False,7639.293,7661.576,5400.0,2261.6
B4_W1_D1_21062026(5),7,False,8871.207,8924.037,5400.0,3524.0
B4_W1_D1_21062026(5),6,False,8875.831,8910.24,5400.0,3510.2
B4_W1_D1_21062026(5),6,False,8920.552,8957.518,5400.0,3557.5
B4_W1_D1_21062026(5),7,False,9885.528,9967.008,5400.0,4567.0
B4_W1_D1_21062026(6),5,False,5369.837,5457.778,5400.0,57.8
B4_W1_D1_21062026(6),7,Seizure,5779.29,5795.109,5400.0,395.1
B4_W1_D1_21062026(6),7,Seizure,5864.919664179104,5878.501753731343,5400.0,478.5
B4_W1_D1_21062026(6),7,False,6942.205,6970.674,5400.0,1570.7
B4_W1_D1_21062026(6),7,False,6976.016,6995.981,5400.0,1596.0
B4_W1_D1_21062026(6),7,False,7006.136,7051.981,5400.0,1652.0
B4_W1_D1_21062026(6),7,False,7054.618,7099.332,5400.0,1699.3
B4_W1_D1_21062026(6),7,Seizure,7111.668,7161.983,5400.0,1762.0
B4_W1_D1_21062026(6),7,False,7168.457,7216.419,5400.0,1816.4
B4_W1_D1_21062026(6),7,False,7220.943,7239.478,5400.0,1839.5
B4_W1_D1_21062026(6),7,False,7245.357,7279.673,5400.0,1879.7
B4_W1_D1_21062026(6),7,Seizure,7477.657,7510.027,5400.0,2110.0
B4_W1_D1_21062026(6),7,False,7512.066,7531.427,5400.0,2131.4
B4_W1_D1_21062026(6),7,False,7542.982,7627.817,5400.0,2227.8
B4_W1_D1_21062026(6),7,False,7642.834,7683.25,5400.0,2283.2
B4_W1_D1_21062026(6),7,Seizure,7699.776,7716.941,5400.0,2316.9
B4_W1_D1_21062026(6),7,False,7911.775,7970.189,5400.0,2570.2
B4_W1_D1_21062026(6),7,False,8241.442,8317.716,5400.0,2917.7
B4_W1_D1_21062026(6),7,False,8321.779,8411.198,5400.0,3011.2
B4_W1_D1_21062026(6),7,False,8414.37,8443.515,5400.0,3043.5
B4_W1_D1_21062026(6),7,False,8445.921,8468.359,5400.0,3068.4
B4_W1_D1_21062026(6),7,False,8551.697,8592.733,5400.0,3192.7
B4_W1_D1_21062026(6),7,False,8598.41,8683.136,5400.0,3283.1
B4_W1_D1_21062026(6),7,False,8686.342,8709.183,5400.0,3309.2
B4_W1_D1_21062026(6),7,False,9146.305,9197.888,5400.0,3797.9
B4_W1_D1_21062026(6),7,False,9204.303,9269.603,5400.0,3869.6
B4_W1_D1_21062026(6),7,False,9272.059,9381.542,5400.0,3981.5
B4_W1_D1_21062026(6),7,False,9951.758,10071.051,5400.0,4671.1
B4_W1_D1_21062026(6),7,False,10232.389,10247.989,5400.0,4848.0
B4_W1_D1_21062026(6),7,False,10514.287,10565.515,5400.0,5165.5
B4_W1_D1_21062026(7),7,False,5695.998,5733.267,5400.0,333.3
B4_W1_D1_21062026(7),7,False,6003.828,6033.986,5400.0,634.0
B4_W1_D1_21062026(7),7,False,6657.697,6682.066,5400.0,1282.1
B4_W1_D1_21062026(7),7,False,6684.408,6708.638,5400.0,1308.6
B4_W1_D1_21062026(7),7,False,10152.405,10177.229,5400.0,4777.2
B4_W1_D1_21062026(8),7,False,5434.627,5467.09,5400.0,67.1
B4_W1_D1_21062026(8),7,False,5995.94,6052.063,5400.0,652.1
B4_W1_D1_21062026(8),7,False,7450.868,7481.184,5400.0,2081.2
B4_W1_D1_21062026(9),7,False,5565.659,5627.44,5400.0,227.4
B4_W1_D1_21062026(9),7,False,6869.267,6901.882,5400.0,1501.9
B4_W1_D1_21062026(9),7,False,9676.11,9723.048,5400.0,4323.0
B4_W1_D1_21062026(9),7,False,10628.025,10644.575,5400.0,5244.6
B4_W1_D1_21062026(9),7,False,10646.668,10661.804,5400.0,5261.8
B4_W1_D3_23062026(1),7,False,5426.727,5463.21,5400.0,63.2
B4_W1_D3_23062026(1),7,False,5972.302,5998.871,5400.0,598.9
B4_W1_D3_23062026(1),7,False,6532.4,6548.61,5400.0,1148.6
B4_W1_D3_23062026(1),7,False,6565.481,6644.89,5400.0,1244.9
B4_W1_D3_23062026(1),7,Seizure,7007.037,7053.3878586753735,5400.0,1653.4
B4_W1_D3_23062026(1),7,Seizure,7181.39,7204.143,5400.0,1804.1
B4_W1_D3_23062026(1),7,Seizure,7217.32995755597,7268.29818983209,5400.0,1868.3
B4_W1_D3_23062026(1),7,False,7292.329,7324.539,5400.0,1924.5
B4_W1_D3_23062026(1),7,False,7370.612,7410.018,5400.0,2010.0
B4_W1_D3_23062026(1),7,False,9206.304,9316.113,5400.0,3916.1
B4_W1_D3_23062026(1),7,False,9388.894,9412.643,5400.0,4012.6
B4_W1_D3_23062026(1),7,False,9686.646,9702.118,5400.0,4302.1
B4_W1_D3_23062026(1),7,False,9964.665,10016.916,5400.0,4616.9
B4_W1_D3_23062026(1),7,False,10037.2,10073.3,5400.0,4673.3
B4_W1_D3_23062026(1),7,False,10098.78,10123.337,5400.0,4723.3
B4_W1_D3_23062026(1),7,False,10160.742,10188.815,5400.0,4788.8
B4_W1_D3_23062026(1),3,False,10679.824,10739.999,5400.0,5340.0
B4_W1_D3_23062026(10),1,False,6259.325,6297.778,5400.0,897.8
B4_W1_D3_23062026(10),3,False,9323.446,9391.805,5400.0,3991.8
B4_W1_D3_23062026(10),6,False,9324.474,9403.939,5400.0,4003.9
B4_W1_D3_23062026(11),1,False,6861.463,6905.632,5401.0,1504.6
B4_W1_D3_23062026(11),1,False,8947.397,9005.613,5401.0,3604.6
B4_W1_D3_23062026(11),8,False,10281.677,10304.214,5401.0,4903.2
B4_W1_D3_23062026(12),1,Seizure,6805.033540337711,6839.367499061914,5400.0,1439.4
B4_W1_D3_23062026(12),7,False,8714.648,8786.649,5400.0,3386.6
B4_W1_D3_23062026(12),8,False,9559.404,9677.092,5400.0,4277.1
B4_W1_D3_23062026(12),8,False,10001.631,10059.482,5400.0,4659.5
B4_W1_D3_23062026(13),7,Seizure,5453.883,5486.15,5400.0,86.1
B4_W1_D3_23062026(13),7,Seizure,5511.273,5595.05,5400.0,195.1
B4_W1_D3_23062026(13),7,False,5944.073,6011.635,5400.0,611.6
B4_W1_D3_23062026(13),1,Seizure,7662.0,7682.769,5400.0,2282.8
B4_W1_D3_23062026(13),1,False,7813.457,7828.841,5400.0,2428.8
B4_W1_D3_23062026(15),8,False,8502.376,8549.118,5400.0,3149.1
B4_W1_D3_23062026(16),1,False,5379.924,5396.769,5140.0,256.8
B4_W1_D3_23062026(16),1,False,7622.08,7688.662,5140.0,2548.7
B4_W1_D3_23062026(16),8,False,8031.32,8064.177,5140.0,2924.2
B4_W1_D3_23062026(16),8,False,8069.81,8087.405,5140.0,2947.4
B4_W1_D3_23062026(16),8,False,8089.538,8111.364,5140.0,2971.4
B4_W1_D3_23062026(16),8,False,8121.058,8196.426,5140.0,3056.4
B4_W1_D3_23062026(16),6,False,8816.822,8932.546,5140.0,3792.5
B4_W1_D3_23062026(16),1,Seizure,9335.147594746715,9348.393373358347,5140.0,4208.4
B4_W1_D3_23062026(16),8,Seizure,9546.406567164178,9553.309552238805,5140.0,4413.3
B4_W1_D3_23062026(2),8,False,5421.54,5504.426,5400.0,104.4
B4_W1_D3_23062026(2),7,False,9540.11,9595.565,5400.0,4195.6
B4_W1_D3_23062026(2),6,False,10628.098,10739.999,5400.0,5340.0
B4_W1_D3_23062026(3),6,False,7559.628,7614.547,5401.0,2213.5
B4_W1_D3_23062026(3),7,False,10134.759,10175.689,5401.0,4774.7
B4_W1_D3_23062026(3),7,Seizure,7978.714395522388,8014.675216417911,5401.0,2613.7
B4_W1_D3_23062026(4),8,False,5787.154,5888.886,5400.0,488.9
B4_W1_D3_23062026(4),7,False,5922.314,5944.019,5400.0,544.0
B4_W1_D3_23062026(4),7,Seizure,6135.34520522388,6175.181958955223,5400.0,775.2
B4_W1_D3_23062026(4),7,False,6726.119,6751.097,5400.0,1351.1
B4_W1_D3_23062026(4),7,False,7048.57,7093.116,5400.0,1693.1
B4_W1_D3_23062026(4),7,Seizure,7071.261990205224,7090.796099347015,5400.0,1690.8
B4_W1_D3_23062026(4),7,False,7098.686,7143.621,5400.0,1743.6
B4_W1_D3_23062026(4),7,False,7148.13,7215.969,5400.0,1816.0
B4_W1_D3_23062026(4),7,False,7916.013,7931.243,5400.0,2531.2
B4_W1_D3_23062026(4),3,False,8174.204,8242.765,5400.0,2842.8
B4_W1_D3_23062026(4),7,False,8285.625,8302.999,5400.0,2903.0
B4_W1_D3_23062026(4),7,False,8307.693,8363.844,5400.0,2963.8
B4_W1_D3_23062026(4),3,False,8429.047,8509.038,5400.0,3109.0
B4_W1_D3_23062026(4),7,False,8512.298,8544.176,5400.0,3144.2
B4_W1_D3_23062026(4),7,Seizure,8563.92,8580.550065764925,5400.0,3180.6
B4_W1_D3_23062026(4),8,False,8815.185,8842.621,5400.0,3442.6
B4_W1_D3_23062026(5),3,False,5860.532,5879.545,5400.0,479.5
B4_W1_D3_23062026(5),7,False,6190.866,6261.718,5400.0,861.7
B4_W1_D3_23062026(5),7,False,6354.828,6372.007,5400.0,972.0
B4_W1_D3_23062026(5),7,False,6409.442,6470.041,5400.0,1070.0
B4_W1_D3_23062026(5),7,False,6473.295,6501.316,5400.0,1101.3
B4_W1_D3_23062026(5),7,False,6739.961,6818.415,5400.0,1418.4
B4_W1_D3_23062026(5),7,False,6977.152,7000.696,5400.0,1600.7
B4_W1_D3_23062026(5),7,False,7299.814,7335.551,5400.0,1935.6
B4_W1_D3_23062026(5),7,False,7599.493,7618.875,5400.0,2218.9
B4_W1_D3_23062026(5),7,Seizure,7650.175,7703.597,5400.0,2303.6
B4_W1_D3_23062026(5),7,False,7795.358,7825.877,5400.0,2425.9
B4_W1_D3_23062026(5),7,False,7990.377,8097.542,5400.0,2697.5
B4_W1_D3_23062026(5),1,False,8050.045,8075.564,5400.0,2675.6
B4_W1_D3_23062026(5),7,False,8134.846,8172.701,5400.0,2772.7
B4_W1_D3_23062026(5),7,False,8406.002,8463.581,5400.0,3063.6
B4_W1_D3_23062026(5),7,False,10073.971,10116.981,5400.0,4717.0
B4_W1_D3_23062026(5),7,False,10217.636,10319.373,5400.0,4919.4
B4_W1_D3_23062026(5),7,False,10364.708,10387.42,5400.0,4987.4
B4_W1_D3_23062026(5),7,False,10410.662,10464.089,5400.0,5064.1
B4_W1_D3_23062026(6),8,False,5601.036,5652.109,5400.0,252.1
B4_W1_D3_23062026(6),8,False,5838.923,5878.25,5400.0,478.2
B4_W1_D3_23062026(6),8,False,5882.38,5904.112,5400.0,504.1
B4_W1_D3_23062026(6),1,False,6914.512,6931.377,5400.0,1531.4
B4_W1_D3_23062026(6),8,False,6942.28,6994.364,5400.0,1594.4
B4_W1_D3_23062026(6),5,False,9636.203,9702.755,5400.0,4302.8
B4_W1_D3_23062026(8),8,False,6503.542,6549.286,5400.0,1149.3
B4_W1_D3_23062026(8),8,False,6551.487,6568.952,5400.0,1169.0
B4_W1_D3_23062026(8),8,False,6610.473,6635.44,5400.0,1235.4
B4_W1_D3_23062026(8),8,False,7014.267,7066.966,5400.0,1667.0
B4_W1_D3_23062026(8),1,False,7212.834,7298.996,5400.0,1899.0
B4_W1_D3_23062026(8),1,False,8030.648,8133.991,5400.0,2734.0
B4_W1_D3_23062026(8),3,False,10622.107,10739.999,5400.0,5340.0
B4_W1_D3_23062026(9),8,False,8632.756,8666.288,5400.0,3266.3
B4_W1_D3_23062026(9),8,False,9346.249,9394.3,5400.0,3994.3
B4_W1_D3_23062026(9),8,False,9858.282,9915.467,5400.0,4515.5
B4_W1_D3_23062026(9),8,False,10476.742,10529.164,5400.0,5129.2
B4_W1_D6_26062026(1),7,Seizure,6173.536435272044,6187.8844652908065,5400.0,787.9
B4_W1_D6_26062026(1),1,Seizure,6933.191907129456,6949.043274859287,5400.0,1549.0
B4_W1_D6_26062026(1),5,False,7195.297,7225.764,5400.0,1825.8
B4_W1_D6_26062026(1),5,False,7540.854,7571.953,5400.0,2172.0
B4_W1_D6_26062026(1),5,False,7682.099,7780.869,5400.0,2380.9
B4_W1_D6_26062026(2),7,Seizure,9601.466397748592,9612.329437148215,5400.0,4212.3
B4_W1_D6_26062026(3),1,False,7120.789,7136.296,5400.0,1736.3
B4_W1_D6_26062026(3),7,False,7885.147,7937.899,5400.0,2537.9
B4_W1_D6_26062026(3),7,False,7940.496,7971.887,5400.0,2571.9
B4_W1_D6_26062026(3),7,False,8078.121,8178.898,5400.0,2778.9
B4_W1_D6_26062026(3),7,Seizure,9438.444639774858,9444.917435272044,5400.0,4044.9
B4_W1_D6_26062026(3),8,Seizure,10516.485866791743,10520.94177673546,5400.0,5120.9
B4_W1_D6_26062026(3),8,Seizure,9586.56091369606,9593.362039399624,5400.0,4193.4
B4_W1_D6_26062026(3),8,Seizure,9218.831082551596,9224.787930581611,5400.0,3824.8
B4_W1_D6_26062026(3),8,Seizure,8974.69412195122,8981.635960600375,5400.0,3581.6
B4_W1_D6_26062026(3),8,Seizure,8867.33014446529,8873.240088180113,5400.0,3473.2
B4_W1_D6_26062026(3),8,Seizure,8251.612508442777,8259.117198874295,5400.0,2859.1
B4_W1_D6_26062026(4),5,False,5515.948,5536.047,5400.0,136.0
B4_W1_D6_26062026(4),7,False,6564.133,6601.596,5400.0,1201.6
B4_W1_D6_26062026(4),7,False,7511.875,7526.968,5400.0,2127.0
B4_W1_D6_26062026(4),7,False,8934.731,8998.243,5400.0,3598.2
B4_W1_D6_26062026(4),8,False,9833.576,9919.966,5400.0,4520.0
B4_W1_D6_26062026(4),5,False,10483.966,10555.405,5400.0,5155.4
B4_W1_D6_26062026(4),5,False,10597.885,10667.541,5400.0,5267.5
B4_W1_D6_26062026(4),5,False,10669.609,10739.999,5400.0,5340.0
B4_W1_D6_26062026(5),1,Seizure,6674.350002849003,6700.180962013295,5401.0,1299.2
B4_W1_D6_26062026(5),1,Seizure,7150.893212725547,7175.299670465337,5401.0,1774.3
B4_W1_D6_26062026(5),1,Seizure,10706.357974358974,10721.400709401709,5401.0,5320.4
B4_W1_D6_26062026(7),8,Seizure,9260.351782363978,9269.07598499062,5400.0,3869.1
B4_W1_D6_26062026(7),8,Seizure,10557.304104477613,10562.509328358208,5400.0,5162.5
