stem,path,batch,channel,ch0,start_s,end_s,duration_s,candidate_type
B1_W1_D1_04092025(1),/lunarc/nobackup/projects/lu2026-2-60/RAM_GDNF_2025/Batch_1_Recordings/Week_1/EDF and Dat Files/W1_D1/B1_W1_D1_04092025(1).edf,Batch_1,2,1,529.3206705390335,591.0884837360595,61.76781319702605,convulsive
B1_W1_D1_04092025(1),/lunarc/nobackup/projects/lu2026-2-60/RAM_GDNF_2025/Batch_1_Recordings/Week_1/EDF and Dat Files/W1_D1/B1_W1_D1_04092025(1).edf,Batch_1,8,7,1101.3011031598514,1275.2629247211898,173.9618215613384,convulsive
B1_W1_D1_04092025(1),/lunarc/nobackup/projects/lu2026-2-60/RAM_GDNF_2025/Batch_1_Recordings/Week_1/EDF and Dat Files/W1_D1/B1_W1_D1_04092025(1).edf,Batch_1,8,7,1962.5498269410664,2135.129,172.57917305893375,convulsive
B1_W1_D1_04092025(1),/lunarc/nobackup/projects/lu2026-2-60/RAM_GDNF_2025/Batch_1_Recordings/Week_1/EDF and Dat Files/W1_D1/B1_W1_D1_04092025(1).edf,Batch_1,8,7,3799.1971893656714,4006.6760625,207.4788731343283,convulsive
B1_W1_D1_04092025(1),/lunarc/nobackup/projects/lu2026-2-60/RAM_GDNF_2025/Batch_1_Recordings/Week_1/EDF and Dat Files/W1_D1/B1_W1_D1_04092025(1).edf,Batch_1,8,7,4074.3034505597016,4313.623140858209,239.31969029850737,convulsive
B1_W1_D1_04092025(13),/lunarc/nobackup/projects/lu2026-2-60/RAM_GDNF_2025/Batch_1_Recordings/Week_1/EDF and Dat Files/W1_D1/B1_W1_D1_04092025(13).edf,Batch_1,8,7,2947.7565858725766,3677.630367036011,729.8737811634346,convulsive
B1_W1_D2_05092025(15),/lunarc/nobackup/projects/lu2026-2-60/RAM_GDNF_2025/Batch_1_Recordings/Week_1/EDF and Dat Files/W1_D2/B1_W1_D2_05092025(15).edf,Batch_1,5,4,1713.1132882462684,1746.062,32.94871175373146,convulsive
B1_W1_D2_05092025(15),/lunarc/nobackup/projects/lu2026-2-60/RAM_GDNF_2025/Batch_1_Recordings/Week_1/EDF and Dat Files/W1_D2/B1_W1_D2_05092025(15).edf,Batch_1,5,4,1713.1141016791046,1746.0591501865674,32.94504850746284,behavior
B1_W1_D2_05092025(15),/lunarc/nobackup/projects/lu2026-2-60/RAM_GDNF_2025/Batch_1_Recordings/Week_1/EDF and Dat Files/W1_D2/B1_W1_D2_05092025(15).edf,Batch_1,7,6,1138.2751595149257,1163.071,24.79584048507445,convulsive
B1_W1_D2_05092025(5),/lunarc/nobackup/projects/lu2026-2-60/RAM_GDNF_2025/Batch_1_Recordings/Week_1/EDF and Dat Files/W1_D2/B1_W1_D2_05092025(5).edf,Batch_1,8,7,2764.3224021237306,3078.864944136658,314.54254201292724,convulsive
B1_W1_D3_06092025(14),/lunarc/nobackup/projects/lu2026-2-60/RAM_GDNF_2025/Batch_1_Recordings/Week_1/EDF and Dat Files/W1_D3/B1_W1_D3_06092025(14).edf,Batch_1,5,4,2314.118,2499.0024762126864,184.8844762126864,convulsive
B1_W1_D3_06092025(14),/lunarc/nobackup/projects/lu2026-2-60/RAM_GDNF_2025/Batch_1_Recordings/Week_1/EDF and Dat Files/W1_D3/B1_W1_D3_06092025(14).edf,Batch_1,5,4,2314.5275583022385,2608.142055503731,293.61449720149267,convulsive
B1_W1_D3_06092025(7),/lunarc/nobackup/projects/lu2026-2-60/RAM_GDNF_2025/Batch_1_Recordings/Week_1/EDF and Dat Files/W1_D3/B1_W1_D3_06092025(7).edf,Batch_1,8,7,3474.7572031394275,3863.808863342567,389.05166020313936,convulsive
B1_W1_D4_07092025(3),/lunarc/nobackup/projects/lu2026-2-60/RAM_GDNF_2025/Batch_1_Recordings/Week_1/EDF and Dat Files/W1_D4/B1_W1_D4_07092025(3).edf,Batch_1,7,6,1744.0629298245617,1788.321105263158,44.25817543859648,convulsive
B1_W1_D4_07092025(3),/lunarc/nobackup/projects/lu2026-2-60/RAM_GDNF_2025/Batch_1_Recordings/Week_1/EDF and Dat Files/W1_D4/B1_W1_D4_07092025(3).edf,Batch_1,7,6,1744.966157894737,1787.8694912280705,42.903333333333194,convulsive
B1_W1_D4_07092025(4),/lunarc/nobackup/projects/lu2026-2-60/RAM_GDNF_2025/Batch_1_Recordings/Week_1/EDF and Dat Files/W1_D4/B1_W1_D4_07092025(4).edf,Batch_1,5,4,2664.9346324626863,2737.085244402985,72.15061194029886,convulsive
B1_W1_D4_07092025(4),/lunarc/nobackup/projects/lu2026-2-60/RAM_GDNF_2025/Batch_1_Recordings/Week_1/EDF and Dat Files/W1_D4/B1_W1_D4_07092025(4).edf,Batch_1,5,4,2668.1619645522387,2736.090998134328,67.92903358208923,convulsive
B1_W1_D4_07092025(7),/lunarc/nobackup/projects/lu2026-2-60/RAM_GDNF_2025/Batch_1_Recordings/Week_1/EDF and Dat Files/W1_D4/B1_W1_D4_07092025(7).edf,Batch_1,5,4,4161.06,4186.89,25.829999999999927,convulsive
B1_W1_D4_07092025(7),/lunarc/nobackup/projects/lu2026-2-60/RAM_GDNF_2025/Batch_1_Recordings/Week_1/EDF and Dat Files/W1_D4/B1_W1_D4_07092025(7).edf,Batch_1,5,4,4165.442548266167,4187.91310121837,22.470552952202524,convulsive
B1_W1_D4_07092025(9),/lunarc/nobackup/projects/lu2026-2-60/RAM_GDNF_2025/Batch_1_Recordings/Week_1/EDF and Dat Files/W1_D4/B1_W1_D4_07092025(9).edf,Batch_1,5,4,4105.199624192059,4154.501121883656,49.30149769159743,behavior
B1_W1_D4_07092025(9),/lunarc/nobackup/projects/lu2026-2-60/RAM_GDNF_2025/Batch_1_Recordings/Week_1/EDF and Dat Files/W1_D4/B1_W1_D4_07092025(9).edf,Batch_1,5,4,4437.727,4503.188,65.46100000000024,convulsive
B1_W1_D4_07092025(9),/lunarc/nobackup/projects/lu2026-2-60/RAM_GDNF_2025/Batch_1_Recordings/Week_1/EDF and Dat Files/W1_D4/B1_W1_D4_07092025(9).edf,Batch_1,5,4,4443.291642659279,4494.2184644506,50.926821791320435,convulsive
B1_W1_D5_08092025(13),/lunarc/nobackup/projects/lu2026-2-60/RAM_GDNF_2025/Batch_1_Recordings/Week_1/EDF and Dat Files/W1_D5/B1_W1_D5_08092025(13).edf,Batch_1,1,0,1617.2955129270545,1625.4050623268697,8.10954939981525,convulsive
B1_W1_D5_08092025(13),/lunarc/nobackup/projects/lu2026-2-60/RAM_GDNF_2025/Batch_1_Recordings/Week_1/EDF and Dat Files/W1_D5/B1_W1_D5_08092025(13).edf,Batch_1,1,0,2031.290902585411,2051.5647760849492,20.27387349953824,convulsive
B1_W1_D5_08092025(13),/lunarc/nobackup/projects/lu2026-2-60/RAM_GDNF_2025/Batch_1_Recordings/Week_1/EDF and Dat Files/W1_D5/B1_W1_D5_08092025(13).edf,Batch_1,1,0,2085.4271814404433,2130.766934903047,45.33975346260377,convulsive
B1_W1_D5_08092025(13),/lunarc/nobackup/projects/lu2026-2-60/RAM_GDNF_2025/Batch_1_Recordings/Week_1/EDF and Dat Files/W1_D5/B1_W1_D5_08092025(13).edf,Batch_1,1,0,3889.0852066231346,3916.8691861007464,27.783979477611865,convulsive
B1_W1_D5_08092025(3),/lunarc/nobackup/projects/lu2026-2-60/RAM_GDNF_2025/Batch_1_Recordings/Week_1/EDF and Dat Files/W1_D5/B1_W1_D5_08092025(3).edf,Batch_1,8,7,3511.328,3802.898,291.57000000000016,convulsive
B1_W1_D7_10092025(6),/lunarc/nobackup/projects/lu2026-2-60/RAM_GDNF_2025/Batch_1_Recordings/Week_1/EDF and Dat Files/W1_D7/B1_W1_D7_10092025(6).edf,Batch_1,1,0,27.975947368421064,100.2880452446907,72.31209787626963,behavior
B1_W2_D1_11092025(2),/lunarc/nobackup/projects/lu2026-2-60/RAM_GDNF_2025/Batch_1_Recordings/Week_2/EDF and Dat Files/W2_D1/B1_W2_D1_11092025(2).edf,Batch_1,6,5,4240.863,4272.647,31.78399999999965,behavior
B1_W2_D1_11092025(4),/lunarc/nobackup/projects/lu2026-2-60/RAM_GDNF_2025/Batch_1_Recordings/Week_2/EDF and Dat Files/W2_D1/B1_W2_D1_11092025(4).edf,Batch_1,1,0,3863.467975069252,3883.178918744229,19.71094367497699,convulsive
B1_W2_D1_11092025(4),/lunarc/nobackup/projects/lu2026-2-60/RAM_GDNF_2025/Batch_1_Recordings/Week_2/EDF and Dat Files/W2_D1/B1_W2_D1_11092025(4).edf,Batch_1,1,0,3915.881166204986,3929.320445983379,13.439279778393484,convulsive
B1_W2_D1_11092025(5),/lunarc/nobackup/projects/lu2026-2-60/RAM_GDNF_2025/Batch_1_Recordings/Week_2/EDF and Dat Files/W2_D1/B1_W2_D1_11092025(5).edf,Batch_1,1,0,3423.343459833795,3460.2747562326867,36.931296398891845,convulsive
B1_W2_D2_12092025(8),/lunarc/nobackup/projects/lu2026-2-60/RAM_GDNF_2025/Batch_1_Recordings/Week_2/EDF and Dat Files/W2_D2/B1_W2_D2_12092025(8).edf,Batch_1,1,0,215.22307835820897,223.4447052238806,8.221626865671652,convulsive
B1_W2_D3_13092025(10),/lunarc/nobackup/projects/lu2026-2-60/RAM_GDNF_2025/Batch_1_Recordings/Week_2/EDF and Dat Files/W2_D3/B1_W2_D3_13092025(10).edf,Batch_1,1,0,334.5493130193906,349.9993296398892,15.450016620498616,convulsive
B1_W3_D2_19092025(4),/lunarc/nobackup/projects/lu2026-2-60/RAM_GDNF_2025/Batch_1_Recordings/Week_3/EDF and dat Files/W3_D2/B1_W3_D2_19092025(4).edf,Batch_1,7,6,4445.1568093259475,4454.80197276085,9.645163434902315,convulsive
B1_W3_D2_19092025(4),/lunarc/nobackup/projects/lu2026-2-60/RAM_GDNF_2025/Batch_1_Recordings/Week_3/EDF and dat Files/W3_D2/B1_W3_D2_19092025(4).edf,Batch_1,7,6,4512.0701306555875,4523.121880424747,11.05174976915987,convulsive
B1_W3_D3_20092025(15),/lunarc/nobackup/projects/lu2026-2-60/RAM_GDNF_2025/Batch_1_Recordings/Week_3/EDF and dat Files/W3_D3/B1_W3_D3_20092025(15).edf,Batch_1,8,7,77.37003693444136,108.55840258541087,31.188365650969516,convulsive
B1_W3_D4_21092025(15),/lunarc/nobackup/projects/lu2026-2-60/RAM_GDNF_2025/Batch_1_Recordings/Week_3/EDF and dat Files/W3_D4/B1_W3_D4_21092025(15).edf,Batch_1,8,7,3998.8066912313434,4056.580702425373,57.774011194029754,convulsive
B1_W3_D5_22092025(10),/lunarc/nobackup/projects/lu2026-2-60/RAM_GDNF_2025/Batch_1_Recordings/Week_3/EDF and dat Files/W3_D5/B1_W3_D5_22092025(10).edf,Batch_1,8,7,2650.7137391505075,2687.979,37.26526084949228,convulsive
B1_W3_D7_24092025(4),/lunarc/nobackup/projects/lu2026-2-60/RAM_GDNF_2025/Batch_1_Recordings/Week_3/EDF and dat Files/W3_D7/B1_W3_D7_24092025(4).edf,Batch_1,1,0,2605.4594376731297,2628.5498365650965,23.090398891966743,convulsive
B2_W1_D3_29102025(1),/lunarc/nobackup/projects/lu2026-2-60/RAM_GDNF_2025/Batch_2_Recordings/Week_1/EDF and Dat files/W1_D3/B2_W1_D3_29102025(1).edf,Batch_2,4,3,3571.031,3624.70485261194,53.67385261194022,behavior
B2_W1_D3_29102025(2),/lunarc/nobackup/projects/lu2026-2-60/RAM_GDNF_2025/Batch_2_Recordings/Week_1/EDF and Dat files/W1_D3/B2_W1_D3_29102025(2).edf,Batch_2,4,3,1160.844,1255.5748933518007,94.73089335180066,convulsive
B2_W1_D3_29102025(6),/lunarc/nobackup/projects/lu2026-2-60/RAM_GDNF_2025/Batch_2_Recordings/Week_1/EDF and Dat files/W1_D3/B2_W1_D3_29102025(6).edf,Batch_2,3,2,1638.919,1673.734,34.81499999999983,convulsive
B2_W1_D3_29102025(8),/lunarc/nobackup/projects/lu2026-2-60/RAM_GDNF_2025/Batch_2_Recordings/Week_1/EDF and Dat files/W1_D3/B2_W1_D3_29102025(8).edf,Batch_2,3,2,4952.937386491557,4972.984696060038,20.04730956848107,convulsive
B2_W1_D7_02112025(14),/lunarc/nobackup/projects/lu2026-2-60/RAM_GDNF_2025/Batch_2_Recordings/Week_1/EDF and Dat files/W1_D7/B2_W1_D7_02112025(14).edf,Batch_2,6,5,1325.5320914127424,1342.106108033241,16.574016620498696,convulsive
B2_W2_D3_05112025(1),/lunarc/nobackup/projects/lu2026-2-60/RAM_GDNF_2025/Batch_2_Recordings/Week_2/EDF and Dat Files/W2_D3/B2_W2_D3_05112025(1).edf,Batch_2,6,5,4900.362000000001,4944.672666666667,44.31066666666629,convulsive
B2_W2_D3_05112025(4),/lunarc/nobackup/projects/lu2026-2-60/RAM_GDNF_2025/Batch_2_Recordings/Week_2/EDF and Dat Files/W2_D3/B2_W2_D3_05112025(4).edf,Batch_2,6,5,3587.7188183085505,3646.474831319703,58.75601301115239,convulsive
B2_W2_D3_05112025(8),/lunarc/nobackup/projects/lu2026-2-60/RAM_GDNF_2025/Batch_2_Recordings/Week_2/EDF and Dat Files/W2_D3/B2_W2_D3_05112025(8).edf,Batch_2,6,5,2330.4924976915972,2382.3406121883654,51.848114496768176,convulsive
B2_W2_D3_05112025(8),/lunarc/nobackup/projects/lu2026-2-60/RAM_GDNF_2025/Batch_2_Recordings/Week_2/EDF and Dat Files/W2_D3/B2_W2_D3_05112025(8).edf,Batch_2,6,5,2840.494592350746,2857.071,16.576407649253724,convulsive
B2_W2_D3_05112025(9),/lunarc/nobackup/projects/lu2026-2-60/RAM_GDNF_2025/Batch_2_Recordings/Week_2/EDF and Dat Files/W2_D3/B2_W2_D3_05112025(9).edf,Batch_2,6,5,2201.3552280701756,2224.428210526316,23.07298245614038,convulsive
B2_W2_D4_06112025(2),/lunarc/nobackup/projects/lu2026-2-60/RAM_GDNF_2025/Batch_2_Recordings/Week_2/EDF and Dat Files/W2_D4/B2_W2_D4_06112025(2).edf,Batch_2,4,3,105.2566241920591,117.47269067405357,12.21606648199446,convulsive
B2_W2_D4_06112025(2),/lunarc/nobackup/projects/lu2026-2-60/RAM_GDNF_2025/Batch_2_Recordings/Week_2/EDF and Dat Files/W2_D4/B2_W2_D4_06112025(2).edf,Batch_2,4,3,1799.5938116343489,1836.1589085872577,36.56509695290856,convulsive
B2_W2_D4_06112025(2),/lunarc/nobackup/projects/lu2026-2-60/RAM_GDNF_2025/Batch_2_Recordings/Week_2/EDF and Dat Files/W2_D4/B2_W2_D4_06112025(2).edf,Batch_2,4,3,4068.649927977839,4095.889078485688,27.239150507848535,convulsive
B2_W2_D5_07112025(12),/lunarc/nobackup/projects/lu2026-2-60/RAM_GDNF_2025/Batch_2_Recordings/Week_2/EDF and Dat Files/W2_D5/B2_W2_D5_07112025(12).edf,Batch_2,6,5,687.5040116604478,750.3864137126865,62.88240205223872,convulsive
B2_W2_D5_07112025(9),/lunarc/nobackup/projects/lu2026-2-60/RAM_GDNF_2025/Batch_2_Recordings/Week_2/EDF and Dat Files/W2_D5/B2_W2_D5_07112025(9).edf,Batch_2,4,3,1432.4150083102493,1473.689246537396,41.274238227146725,convulsive
B2_W2_D7_09112025(16),/lunarc/nobackup/projects/lu2026-2-60/RAM_GDNF_2025/Batch_2_Recordings/Week_2/EDF and Dat Files/W2_D7/B2_W2_D7_09112025(16).edf,Batch_2,3,2,3414.237688827331,3420.7935521698982,6.555863342567136,convulsive
B3_W1_D1_14012026(16),/lunarc/nobackup/projects/lu2026-2-60/RAM_GDNF_2025/Batch_3_Recordings/Week_1/B3_W1_edf and dat files/W1_D1/B3_W1_D1_14012026(16).edf,Batch_3,7,6,2693.600537313433,2709.458746268657,15.858208955223745,convulsive
B3_W1_D1_14012026(4),/lunarc/nobackup/projects/lu2026-2-60/RAM_GDNF_2025/Batch_3_Recordings/Week_1/B3_W1_edf and dat files/W1_D1/B3_W1_D1_14012026(4).edf,Batch_3,7,6,191.8561943674977,226.91247322253,35.05627885503233,convulsive
B3_W1_D2_15012026(10),/lunarc/nobackup/projects/lu2026-2-60/RAM_GDNF_2025/Batch_3_Recordings/Week_1/B3_W1_edf and dat files/W1_D2/B3_W1_D2_15012026(10).edf,Batch_3,1,0,3365.73680597015,3404.6360597014927,38.89925373134338,convulsive
B3_W1_D2_15012026(14),/lunarc/nobackup/projects/lu2026-2-60/RAM_GDNF_2025/Batch_3_Recordings/Week_1/B3_W1_edf and dat files/W1_D2/B3_W1_D2_15012026(14).edf,Batch_3,5,4,586.9752579291045,609.323,22.347742070895492,convulsive
B3_W1_D2_15012026(14),/lunarc/nobackup/projects/lu2026-2-60/RAM_GDNF_2025/Batch_3_Recordings/Week_1/B3_W1_edf and dat files/W1_D2/B3_W1_D2_15012026(14).edf,Batch_3,5,4,1840.1582068328712,1878.7683730378576,38.61016620498617,convulsive
B3_W1_D2_15012026(15),/lunarc/nobackup/projects/lu2026-2-60/RAM_GDNF_2025/Batch_3_Recordings/Week_1/B3_W1_edf and dat files/W1_D2/B3_W1_D2_15012026(15).edf,Batch_3,5,4,619.6656478544777,631.220307369403,11.554659514925332,convulsive
B3_W1_D2_15012026(2),/lunarc/nobackup/projects/lu2026-2-60/RAM_GDNF_2025/Batch_3_Recordings/Week_1/B3_W1_edf and dat files/W1_D2/B3_W1_D2_15012026(2).edf,Batch_3,7,6,1942.745432835821,1976.9805074626863,34.235074626865526,convulsive
B3_W1_D2_15012026(4),/lunarc/nobackup/projects/lu2026-2-60/RAM_GDNF_2025/Batch_3_Recordings/Week_1/B3_W1_edf and dat files/W1_D2/B3_W1_D2_15012026(4).edf,Batch_3,7,6,4402.175208955224,4426.615507462687,24.440298507463012,convulsive
B3_W1_D2_15012026(5),/lunarc/nobackup/projects/lu2026-2-60/RAM_GDNF_2025/Batch_3_Recordings/Week_1/B3_W1_edf and dat files/W1_D2/B3_W1_D2_15012026(5).edf,Batch_3,7,6,4748.9331268656715,4763.9984253731345,15.065298507463012,convulsive
B3_W1_D2_15012026(6),/lunarc/nobackup/projects/lu2026-2-60/RAM_GDNF_2025/Batch_3_Recordings/Week_1/B3_W1_edf and dat files/W1_D2/B3_W1_D2_15012026(6).edf,Batch_3,7,6,2779.0623880597013,2788.950447761194,9.888059701492692,convulsive
B3_W1_D2_15012026(8),/lunarc/nobackup/projects/lu2026-2-60/RAM_GDNF_2025/Batch_3_Recordings/Week_1/B3_W1_edf and dat files/W1_D2/B3_W1_D2_15012026(8).edf,Batch_3,7,6,3258.0468507462683,3287.8975970149254,29.850746268657076,convulsive
B3_W1_D2_15012026(8),/lunarc/nobackup/projects/lu2026-2-60/RAM_GDNF_2025/Batch_3_Recordings/Week_1/B3_W1_edf and dat files/W1_D2/B3_W1_D2_15012026(8).edf,Batch_3,7,6,3263.5792089552237,3288.0195074626868,24.440298507463012,convulsive
B3_W1_D2_15012026(9),/lunarc/nobackup/projects/lu2026-2-60/RAM_GDNF_2025/Batch_3_Recordings/Week_1/B3_W1_edf and dat files/W1_D2/B3_W1_D2_15012026(9).edf,Batch_3,1,0,474.2669701492537,513.8192089552239,39.55223880597015,convulsive
B3_W1_D2_15012026(9),/lunarc/nobackup/projects/lu2026-2-60/RAM_GDNF_2025/Batch_3_Recordings/Week_1/B3_W1_edf and dat files/W1_D2/B3_W1_D2_15012026(9).edf,Batch_3,1,0,4928.5916716417905,4950.886447761193,22.29477611940274,convulsive
B3_W1_D3_16012026(15),/lunarc/nobackup/projects/lu2026-2-60/RAM_GDNF_2025/Batch_3_Recordings/Week_1/B3_W1_edf and dat files/W1_D3/B3_W1_D3_16012026(15).edf,Batch_3,3,2,5068.901174515236,5102.003667590027,33.10249307479171,convulsive
B3_W1_D3_16012026(5),/lunarc/nobackup/projects/lu2026-2-60/RAM_GDNF_2025/Batch_3_Recordings/Week_1/B3_W1_edf and dat files/W1_D3/B3_W1_D3_16012026(5).edf,Batch_3,1,0,4893.829111940298,4961.413067164179,67.58395522388037,convulsive
B3_W1_D4_17012026(11),/lunarc/nobackup/projects/lu2026-2-60/RAM_GDNF_2025/Batch_3_Recordings/Week_1/B3_W1_edf and dat files/W1_D4/B3_W1_D4_17012026(11).edf,Batch_3,3,2,2203.2909612188364,2450.659382271468,247.36842105263167,convulsive
B3_W1_D4_17012026(14),/lunarc/nobackup/projects/lu2026-2-60/RAM_GDNF_2025/Batch_3_Recordings/Week_1/B3_W1_edf and dat files/W1_D4/B3_W1_D4_17012026(14).edf,Batch_3,1,0,543.5040447761194,558.989119402985,15.48507462686564,convulsive
B3_W1_D4_17012026(15),/lunarc/nobackup/projects/lu2026-2-60/RAM_GDNF_2025/Batch_3_Recordings/Week_1/B3_W1_edf and dat files/W1_D4/B3_W1_D4_17012026(15).edf,Batch_3,5,4,3130.6026688432835,3160.523750932836,29.92108208955233,convulsive
B3_W1_D4_17012026(16),/lunarc/nobackup/projects/lu2026-2-60/RAM_GDNF_2025/Batch_3_Recordings/Week_1/B3_W1_edf and dat files/W1_D4/B3_W1_D4_17012026(16).edf,Batch_3,3,2,2001.054132040628,2029.955332409972,28.90120036934445,convulsive
B3_W1_D4_17012026(16),/lunarc/nobackup/projects/lu2026-2-60/RAM_GDNF_2025/Batch_3_Recordings/Week_1/B3_W1_edf and dat files/W1_D4/B3_W1_D4_17012026(16).edf,Batch_3,3,2,5015.971558633426,5047.73517820868,31.76361957525387,convulsive
B3_W1_D4_17012026(16),/lunarc/nobackup/projects/lu2026-2-60/RAM_GDNF_2025/Batch_3_Recordings/Week_1/B3_W1_edf and dat files/W1_D4/B3_W1_D4_17012026(16).edf,Batch_3,7,6,1249.46,1304.952,55.49199999999996,convulsive
B3_W1_D4_17012026(2),/lunarc/nobackup/projects/lu2026-2-60/RAM_GDNF_2025/Batch_3_Recordings/Week_1/B3_W1_edf and dat files/W1_D4/B3_W1_D4_17012026(2).edf,Batch_3,7,6,845.3732910447761,859.1792611940298,13.805970149253652,convulsive
B3_W1_D4_17012026(3),/lunarc/nobackup/projects/lu2026-2-60/RAM_GDNF_2025/Batch_3_Recordings/Week_1/B3_W1_edf and dat files/W1_D4/B3_W1_D4_17012026(3).edf,Batch_3,3,2,169.199,186.57665466297323,17.377654662973214,convulsive
B3_W1_D4_17012026(3),/lunarc/nobackup/projects/lu2026-2-60/RAM_GDNF_2025/Batch_3_Recordings/Week_1/B3_W1_edf and dat files/W1_D4/B3_W1_D4_17012026(3).edf,Batch_3,3,2,4431.830149253731,4565.692089552238,133.86194029850685,convulsive
B3_W1_D4_17012026(4),/lunarc/nobackup/projects/lu2026-2-60/RAM_GDNF_2025/Batch_3_Recordings/Week_1/B3_W1_edf and dat files/W1_D4/B3_W1_D4_17012026(4).edf,Batch_3,3,2,2383.699,2405.922,22.222999999999956,convulsive
B3_W1_D4_17012026(4),/lunarc/nobackup/projects/lu2026-2-60/RAM_GDNF_2025/Batch_3_Recordings/Week_1/B3_W1_edf and dat files/W1_D4/B3_W1_D4_17012026(4).edf,Batch_3,3,2,3326.3420720221607,3411.106614958449,84.76454293628831,convulsive
B3_W1_D4_17012026(5),/lunarc/nobackup/projects/lu2026-2-60/RAM_GDNF_2025/Batch_3_Recordings/Week_1/B3_W1_edf and dat files/W1_D4/B3_W1_D4_17012026(5).edf,Batch_3,3,2,1619.772,1739.735,119.96299999999997,convulsive
B3_W1_D4_17012026(5),/lunarc/nobackup/projects/lu2026-2-60/RAM_GDNF_2025/Batch_3_Recordings/Week_1/B3_W1_edf and dat files/W1_D4/B3_W1_D4_17012026(5).edf,Batch_3,3,2,1969.2271218836563,2048.377,79.14987811634342,convulsive
B3_W1_D4_17012026(5),/lunarc/nobackup/projects/lu2026-2-60/RAM_GDNF_2025/Batch_3_Recordings/Week_1/B3_W1_edf and dat files/W1_D4/B3_W1_D4_17012026(5).edf,Batch_3,3,2,2732.058099722992,2882.750620498615,150.69252077562305,convulsive
B3_W1_D4_17012026(6),/lunarc/nobackup/projects/lu2026-2-60/RAM_GDNF_2025/Batch_3_Recordings/Week_1/B3_W1_edf and dat files/W1_D4/B3_W1_D4_17012026(6).edf,Batch_3,1,0,3035.192,3057.21,22.01800000000003,convulsive
B3_W1_D4_17012026(8),/lunarc/nobackup/projects/lu2026-2-60/RAM_GDNF_2025/Batch_3_Recordings/Week_1/B3_W1_edf and dat files/W1_D4/B3_W1_D4_17012026(8).edf,Batch_3,1,0,2449.8523731343284,2496.48,46.62762686567157,convulsive
B3_W1_D4_17012026(9),/lunarc/nobackup/projects/lu2026-2-60/RAM_GDNF_2025/Batch_3_Recordings/Week_1/B3_W1_edf and dat files/W1_D4/B3_W1_D4_17012026(9).edf,Batch_3,3,2,1551.92455355494,1645.9110004616805,93.9864469067404,convulsive
B3_W1_D5_18012026(11),/lunarc/nobackup/projects/lu2026-2-60/RAM_GDNF_2025/Batch_3_Recordings/Week_1/B3_W1_edf and dat files/W1_D5/B3_W1_D5_18012026(11).edf,Batch_3,3,2,4769.826186567165,4781.953052238807,12.126865671642008,convulsive
B3_W1_D5_18012026(14),/lunarc/nobackup/projects/lu2026-2-60/RAM_GDNF_2025/Batch_3_Recordings/Week_1/B3_W1_edf and dat files/W1_D5/B3_W1_D5_18012026(14).edf,Batch_3,3,2,4324.929550323176,4347.828903970452,22.899353647276257,convulsive
B3_W1_D5_18012026(15),/lunarc/nobackup/projects/lu2026-2-60/RAM_GDNF_2025/Batch_3_Recordings/Week_1/B3_W1_edf and dat files/W1_D5/B3_W1_D5_18012026(15).edf,Batch_3,1,0,4082.310850746269,4116.639208955224,34.32835820895525,convulsive
B3_W1_D5_18012026(15),/lunarc/nobackup/projects/lu2026-2-60/RAM_GDNF_2025/Batch_3_Recordings/Week_1/B3_W1_edf and dat files/W1_D5/B3_W1_D5_18012026(15).edf,Batch_3,3,2,444.933,465.11023880597014,20.17723880597015,convulsive
B3_W1_D5_18012026(15),/lunarc/nobackup/projects/lu2026-2-60/RAM_GDNF_2025/Batch_3_Recordings/Week_1/B3_W1_edf and dat files/W1_D5/B3_W1_D5_18012026(15).edf,Batch_3,3,2,2889.483531076067,2911.412649814471,21.929118738404213,convulsive
B3_W1_D5_18012026(16),/lunarc/nobackup/projects/lu2026-2-60/RAM_GDNF_2025/Batch_3_Recordings/Week_1/B3_W1_edf and dat files/W1_D5/B3_W1_D5_18012026(16).edf,Batch_3,3,2,1686.5981791044776,1696.48623880597,9.888059701492466,convulsive
B3_W1_D5_18012026(16),/lunarc/nobackup/projects/lu2026-2-60/RAM_GDNF_2025/Batch_3_Recordings/Week_1/B3_W1_edf and dat files/W1_D5/B3_W1_D5_18012026(16).edf,Batch_3,3,2,4777.309032317636,4850.9040461680515,73.59501385041585,convulsive
B3_W1_D5_18012026(2),/lunarc/nobackup/projects/lu2026-2-60/RAM_GDNF_2025/Batch_3_Recordings/Week_1/B3_W1_edf and dat files/W1_D5/B3_W1_D5_18012026(2).edf,Batch_3,3,2,1970.763,2022.719,51.95600000000013,convulsive
B3_W1_D5_18012026(2),/lunarc/nobackup/projects/lu2026-2-60/RAM_GDNF_2025/Batch_3_Recordings/Week_1/B3_W1_edf and dat files/W1_D5/B3_W1_D5_18012026(2).edf,Batch_3,7,6,3774.49675,3790.01675,15.519999999999982,convulsive
B3_W1_D5_18012026(6),/lunarc/nobackup/projects/lu2026-2-60/RAM_GDNF_2025/Batch_3_Recordings/Week_1/B3_W1_edf and dat files/W1_D5/B3_W1_D5_18012026(6).edf,Batch_3,7,6,5206.106970149254,5233.065925373135,26.958955223880366,convulsive
B3_W1_D5_18012026(8),/lunarc/nobackup/projects/lu2026-2-60/RAM_GDNF_2025/Batch_3_Recordings/Week_1/B3_W1_edf and dat files/W1_D5/B3_W1_D5_18012026(8).edf,Batch_3,3,2,3578.488,3619.6961784386617,41.20817843866189,convulsive
B3_W1_D5_18012026(8),/lunarc/nobackup/projects/lu2026-2-60/RAM_GDNF_2025/Batch_3_Recordings/Week_1/B3_W1_edf and dat files/W1_D5/B3_W1_D5_18012026(8).edf,Batch_3,7,6,267.96661194029855,284.38452238805974,16.417910447761187,convulsive
B3_W1_D6_19012026(10),/lunarc/nobackup/projects/lu2026-2-60/RAM_GDNF_2025/Batch_3_Recordings/Week_1/B3_W1_edf and dat files/W1_D6/B3_W1_D6_19012026(10).edf,Batch_3,6,5,4719.348537313433,4767.109731343284,47.76119402985114,behavior
B3_W1_D6_19012026(11),/lunarc/nobackup/projects/lu2026-2-60/RAM_GDNF_2025/Batch_3_Recordings/Week_1/B3_W1_edf and dat files/W1_D6/B3_W1_D6_19012026(11).edf,Batch_3,7,6,3536.449,3572.018,35.56899999999996,convulsive
B3_W1_D6_19012026(12),/lunarc/nobackup/projects/lu2026-2-60/RAM_GDNF_2025/Batch_3_Recordings/Week_1/B3_W1_edf and dat files/W1_D6/B3_W1_D6_19012026(12).edf,Batch_3,1,0,5165.40432835821,5187.791,22.3866716417906,convulsive
B3_W1_D6_19012026(13),/lunarc/nobackup/projects/lu2026-2-60/RAM_GDNF_2025/Batch_3_Recordings/Week_1/B3_W1_edf and dat files/W1_D6/B3_W1_D6_19012026(13).edf,Batch_3,6,5,1723.842014925373,1768.431567164179,44.589552238805936,convulsive
B3_W1_D6_19012026(15),/lunarc/nobackup/projects/lu2026-2-60/RAM_GDNF_2025/Batch_3_Recordings/Week_1/B3_W1_edf and dat files/W1_D6/B3_W1_D6_19012026(15).edf,Batch_3,7,6,1604.4824029850747,1632.747328358209,28.264925373134247,convulsive
B3_W1_D6_19012026(16),/lunarc/nobackup/projects/lu2026-2-60/RAM_GDNF_2025/Batch_3_Recordings/Week_1/B3_W1_edf and dat files/W1_D6/B3_W1_D6_19012026(16).edf,Batch_3,6,5,383.4200671641791,399.6514104477612,16.231343283582078,convulsive
B3_W1_D6_19012026(3),/lunarc/nobackup/projects/lu2026-2-60/RAM_GDNF_2025/Batch_3_Recordings/Week_1/B3_W1_edf and dat files/W1_D6/B3_W1_D6_19012026(3).edf,Batch_3,7,6,4161.211797783934,4210.3807728531865,49.16897506925216,convulsive
B3_W1_D6_19012026(4),/lunarc/nobackup/projects/lu2026-2-60/RAM_GDNF_2025/Batch_3_Recordings/Week_1/B3_W1_edf and dat files/W1_D6/B3_W1_D6_19012026(4).edf,Batch_3,3,2,4473.881505078485,4486.900895660203,13.019390581717744,convulsive
B3_W1_D6_19012026(6),/lunarc/nobackup/projects/lu2026-2-60/RAM_GDNF_2025/Batch_3_Recordings/Week_1/B3_W1_edf and dat files/W1_D6/B3_W1_D6_19012026(6).edf,Batch_3,1,0,4715.274679104477,4726.002291044776,10.72761194029863,convulsive
B3_W1_D6_19012026(6),/lunarc/nobackup/projects/lu2026-2-60/RAM_GDNF_2025/Batch_3_Recordings/Week_1/B3_W1_edf and dat files/W1_D6/B3_W1_D6_19012026(6).edf,Batch_3,6,5,3679.424313432836,3745.842223880597,66.41791044776119,convulsive
B3_W1_D6_19012026(8),/lunarc/nobackup/projects/lu2026-2-60/RAM_GDNF_2025/Batch_3_Recordings/Week_1/B3_W1_edf and dat files/W1_D6/B3_W1_D6_19012026(8).edf,Batch_3,7,6,3067.5174921514313,3083.3069658356417,15.789473684210408,convulsive
B3_W1_D7_20012026(10),/lunarc/nobackup/projects/lu2026-2-60/RAM_GDNF_2025/Batch_3_Recordings/Week_1/B3_W1_edf and dat files/W1_D7/B3_W1_D7_20012026(10).edf,Batch_3,7,6,2250.160119402985,2277.0257910447763,26.865671641791323,convulsive
B3_W1_D7_20012026(11),/lunarc/nobackup/projects/lu2026-2-60/RAM_GDNF_2025/Batch_3_Recordings/Week_1/B3_W1_edf and dat files/W1_D7/B3_W1_D7_20012026(11).edf,Batch_3,7,6,2061.1810186915886,2120.9941028037383,59.81308411214968,convulsive
B3_W1_D7_20012026(13),/lunarc/nobackup/projects/lu2026-2-60/RAM_GDNF_2025/Batch_3_Recordings/Week_1/B3_W1_edf and dat files/W1_D7/B3_W1_D7_20012026(13).edf,Batch_3,2,1,2125.276759926131,2136.357092336103,11.080332409972016,convulsive
B3_W1_D7_20012026(14),/lunarc/nobackup/projects/lu2026-2-60/RAM_GDNF_2025/Batch_3_Recordings/Week_1/B3_W1_edf and dat files/W1_D7/B3_W1_D7_20012026(14).edf,Batch_3,3,2,118.45113388734993,141.90450415512458,23.453370267774673,convulsive
B3_W1_D7_20012026(15),/lunarc/nobackup/projects/lu2026-2-60/RAM_GDNF_2025/Batch_3_Recordings/Week_1/B3_W1_edf and dat files/W1_D7/B3_W1_D7_20012026(15).edf,Batch_3,2,1,1119.9743665743304,1145.5976352723917,25.62326869806111,convulsive
B3_W1_D7_20012026(15),/lunarc/nobackup/projects/lu2026-2-60/RAM_GDNF_2025/Batch_3_Recordings/Week_1/B3_W1_edf and dat files/W1_D7/B3_W1_D7_20012026(15).edf,Batch_3,2,1,2173.773110803324,2190.345,16.571889196675784,convulsive
B3_W1_D7_20012026(15),/lunarc/nobackup/projects/lu2026-2-60/RAM_GDNF_2025/Batch_3_Recordings/Week_1/B3_W1_edf and dat files/W1_D7/B3_W1_D7_20012026(15).edf,Batch_3,2,1,2690.864074074074,2706.049259259259,15.18518518518522,convulsive
B3_W1_D7_20012026(16),/lunarc/nobackup/projects/lu2026-2-60/RAM_GDNF_2025/Batch_3_Recordings/Week_1/B3_W1_edf and dat files/W1_D7/B3_W1_D7_20012026(16).edf,Batch_3,7,6,3650.078470149254,3666.356455223881,16.27798507462694,convulsive
B3_W1_D7_20012026(3),/lunarc/nobackup/projects/lu2026-2-60/RAM_GDNF_2025/Batch_3_Recordings/Week_1/B3_W1_edf and dat files/W1_D7/B3_W1_D7_20012026(3).edf,Batch_3,1,0,2250.730957089552,2283.6072070895525,32.876250000000255,convulsive
B3_W1_D7_20012026(5),/lunarc/nobackup/projects/lu2026-2-60/RAM_GDNF_2025/Batch_3_Recordings/Week_1/B3_W1_edf and dat files/W1_D7/B3_W1_D7_20012026(5).edf,Batch_3,7,6,2924.1446417910447,2933.473,9.328358208955253,convulsive
B3_W1_D7_20012026(7),/lunarc/nobackup/projects/lu2026-2-60/RAM_GDNF_2025/Batch_3_Recordings/Week_1/B3_W1_edf and dat files/W1_D7/B3_W1_D7_20012026(7).edf,Batch_3,3,2,4934.873537313433,4980.675776119403,45.802238805969864,convulsive
B3_W1_D7_20012026(7),/lunarc/nobackup/projects/lu2026-2-60/RAM_GDNF_2025/Batch_3_Recordings/Week_1/B3_W1_edf and dat files/W1_D7/B3_W1_D7_20012026(7).edf,Batch_3,3,2,5172.769992537314,5242.732679104478,69.96268656716438,convulsive
B3_W1_D7_20012026(7),/lunarc/nobackup/projects/lu2026-2-60/RAM_GDNF_2025/Batch_3_Recordings/Week_1/B3_W1_edf and dat files/W1_D7/B3_W1_D7_20012026(7).edf,Batch_3,7,6,3823.274432835821,3836.240850746268,12.96641791044749,convulsive
B3_W1_D7_20012026(9),/lunarc/nobackup/projects/lu2026-2-60/RAM_GDNF_2025/Batch_3_Recordings/Week_1/B3_W1_edf and dat files/W1_D7/B3_W1_D7_20012026(9).edf,Batch_3,7,6,557.2237462686568,595.4700149253732,38.24626865671644,convulsive
B3_W1_D7_20012026(9),/lunarc/nobackup/projects/lu2026-2-60/RAM_GDNF_2025/Batch_3_Recordings/Week_1/B3_W1_edf and dat files/W1_D7/B3_W1_D7_20012026(9).edf,Batch_3,7,6,3448.182104477612,3453.592552238806,5.410447761194064,convulsive
B3_W2_D1_21012026(1),/lunarc/nobackup/projects/lu2026-2-60/RAM_GDNF_2025/Batch_3_Recordings/Week_2/B3_W2_edf and dat files/W2_D1/B3_W2_D1_21012026(1).edf,Batch_3,7,6,659.5302910447762,670.2112611940299,10.680970149253769,convulsive
B3_W2_D1_21012026(1),/lunarc/nobackup/projects/lu2026-2-60/RAM_GDNF_2025/Batch_3_Recordings/Week_2/B3_W2_edf and dat files/W2_D1/B3_W2_D1_21012026(1).edf,Batch_3,7,6,861.8384016620499,920.0101468144044,58.17174515235456,convulsive
B3_W2_D1_21012026(1),/lunarc/nobackup/projects/lu2026-2-60/RAM_GDNF_2025/Batch_3_Recordings/Week_2/B3_W2_edf and dat files/W2_D1/B3_W2_D1_21012026(1).edf,Batch_3,7,6,1275.3529179104478,1284.448067164179,9.09514925373128,convulsive
B3_W2_D1_21012026(10),/lunarc/nobackup/projects/lu2026-2-60/RAM_GDNF_2025/Batch_3_Recordings/Week_2/B3_W2_edf and dat files/W2_D1/B3_W2_D1_21012026(10).edf,Batch_3,2,1,1520.6700360110804,1550.032916897507,29.36288088642664,convulsive
B3_W2_D1_21012026(11),/lunarc/nobackup/projects/lu2026-2-60/RAM_GDNF_2025/Batch_3_Recordings/Week_2/B3_W2_edf and dat files/W2_D1/B3_W2_D1_21012026(11).edf,Batch_3,2,1,1664.035,1685.179967682364,21.144967682363813,convulsive
B3_W2_D1_21012026(11),/lunarc/nobackup/projects/lu2026-2-60/RAM_GDNF_2025/Batch_3_Recordings/Week_2/B3_W2_edf and dat files/W2_D1/B3_W2_D1_21012026(11).edf,Batch_3,2,1,4943.681041044776,4974.504891791044,30.823850746268363,convulsive
B3_W2_D1_21012026(11),/lunarc/nobackup/projects/lu2026-2-60/RAM_GDNF_2025/Batch_3_Recordings/Week_2/B3_W2_edf and dat files/W2_D1/B3_W2_D1_21012026(11).edf,Batch_3,2,1,5276.225149253732,5284.620671641791,8.395522388059362,convulsive
B3_W2_D1_21012026(13),/lunarc/nobackup/projects/lu2026-2-60/RAM_GDNF_2025/Batch_3_Recordings/Week_2/B3_W2_edf and dat files/W2_D1/B3_W2_D1_21012026(13).edf,Batch_3,2,1,3325.9604029850743,3340.661895522388,14.701492537313698,convulsive
B3_W2_D1_21012026(13),/lunarc/nobackup/projects/lu2026-2-60/RAM_GDNF_2025/Batch_3_Recordings/Week_2/B3_W2_edf and dat files/W2_D1/B3_W2_D1_21012026(13).edf,Batch_3,7,6,419.8395373134328,441.5746119402985,21.735074626865696,convulsive
B3_W2_D1_21012026(14),/lunarc/nobackup/projects/lu2026-2-60/RAM_GDNF_2025/Batch_3_Recordings/Week_2/B3_W2_edf and dat files/W2_D1/B3_W2_D1_21012026(14).edf,Batch_3,7,6,5053.07423880597,5073.223492537313,20.14925373134338,convulsive
B3_W2_D1_21012026(15),/lunarc/nobackup/projects/lu2026-2-60/RAM_GDNF_2025/Batch_3_Recordings/Week_2/B3_W2_edf and dat files/W2_D1/B3_W2_D1_21012026(15).edf,Batch_3,7,6,856.4155895522388,897.6935746268656,41.27798507462683,convulsive
B3_W2_D1_21012026(2),/lunarc/nobackup/projects/lu2026-2-60/RAM_GDNF_2025/Batch_3_Recordings/Week_2/B3_W2_edf and dat files/W2_D1/B3_W2_D1_21012026(2).edf,Batch_3,2,1,1320.961,1331.9684626865671,11.007462686567123,convulsive
B3_W2_D1_21012026(3),/lunarc/nobackup/projects/lu2026-2-60/RAM_GDNF_2025/Batch_3_Recordings/Week_2/B3_W2_edf and dat files/W2_D1/B3_W2_D1_21012026(3).edf,Batch_3,2,1,1429.6527462686563,1480.3057313432837,50.65298507462694,convulsive
B3_W2_D1_21012026(4),/lunarc/nobackup/projects/lu2026-2-60/RAM_GDNF_2025/Batch_3_Recordings/Week_2/B3_W2_edf and dat files/W2_D1/B3_W2_D1_21012026(4).edf,Batch_3,2,1,3359.399168975069,3369.5561403508773,10.156971375808098,convulsive
B3_W2_D1_21012026(4),/lunarc/nobackup/projects/lu2026-2-60/RAM_GDNF_2025/Batch_3_Recordings/Week_2/B3_W2_edf and dat files/W2_D1/B3_W2_D1_21012026(4).edf,Batch_3,7,6,1056.186,1073.4210928171644,17.235092817164286,convulsive
B3_W2_D1_21012026(6),/lunarc/nobackup/projects/lu2026-2-60/RAM_GDNF_2025/Batch_3_Recordings/Week_2/B3_W2_edf and dat files/W2_D1/B3_W2_D1_21012026(6).edf,Batch_3,2,1,1364.4528805970149,1393.2775074626866,28.82462686567169,convulsive
B3_W2_D1_21012026(7),/lunarc/nobackup/projects/lu2026-2-60/RAM_GDNF_2025/Batch_3_Recordings/Week_2/B3_W2_edf and dat files/W2_D1/B3_W2_D1_21012026(7).edf,Batch_3,7,6,374.1469533582089,404.2820652985074,30.135111940298486,convulsive
B3_W2_D1_21012026(8),/lunarc/nobackup/projects/lu2026-2-60/RAM_GDNF_2025/Batch_3_Recordings/Week_2/B3_W2_edf and dat files/W2_D1/B3_W2_D1_21012026(8).edf,Batch_3,2,1,448.232223880597,486.66505970149257,38.43283582089555,convulsive
B3_W2_D1_21012026(8),/lunarc/nobackup/projects/lu2026-2-60/RAM_GDNF_2025/Batch_3_Recordings/Week_2/B3_W2_edf and dat files/W2_D1/B3_W2_D1_21012026(8).edf,Batch_3,7,6,2481.041805970149,2517.8888208955223,36.84701492537306,convulsive
B3_W2_D2_22012026(1),/lunarc/nobackup/projects/lu2026-2-60/RAM_GDNF_2025/Batch_3_Recordings/Week_2/B3_W2_edf and dat files/W2_D2/B3_W2_D2_22012026(1).edf,Batch_3,2,1,321.5850373134328,373.2175,51.63246268656718,convulsive
B3_W2_D2_22012026(14),/lunarc/nobackup/projects/lu2026-2-60/RAM_GDNF_2025/Batch_3_Recordings/Week_2/B3_W2_edf and dat files/W2_D2/B3_W2_D2_22012026(14).edf,Batch_3,2,1,4647.765641791045,4659.799223880597,12.03358208955251,convulsive
B3_W2_D2_22012026(2),/lunarc/nobackup/projects/lu2026-2-60/RAM_GDNF_2025/Batch_3_Recordings/Week_2/B3_W2_edf and dat files/W2_D2/B3_W2_D2_22012026(2).edf,Batch_3,2,1,3781.543014925373,3812.140029850746,30.59701492537306,convulsive
B3_W2_D2_22012026(2),/lunarc/nobackup/projects/lu2026-2-60/RAM_GDNF_2025/Batch_3_Recordings/Week_2/B3_W2_edf and dat files/W2_D2/B3_W2_D2_22012026(2).edf,Batch_3,3,2,4806.759951310862,4838.969689138577,32.2097378277158,convulsive
B3_W2_D2_22012026(3),/lunarc/nobackup/projects/lu2026-2-60/RAM_GDNF_2025/Batch_3_Recordings/Week_2/B3_W2_edf and dat files/W2_D2/B3_W2_D2_22012026(3).edf,Batch_3,2,1,2309.943932835821,2318.6659477611943,8.72201492537306,convulsive
B3_W2_D2_22012026(3),/lunarc/nobackup/projects/lu2026-2-60/RAM_GDNF_2025/Batch_3_Recordings/Week_2/B3_W2_edf and dat files/W2_D2/B3_W2_D2_22012026(3).edf,Batch_3,2,1,3377.4902835820894,3386.6320746268657,9.141791044776255,convulsive
B3_W2_D2_22012026(3),/lunarc/nobackup/projects/lu2026-2-60/RAM_GDNF_2025/Batch_3_Recordings/Week_2/B3_W2_edf and dat files/W2_D2/B3_W2_D2_22012026(3).edf,Batch_3,2,1,4017.906686567164,4045.444,27.537313432835617,convulsive
B3_W2_D2_22012026(3),/lunarc/nobackup/projects/lu2026-2-60/RAM_GDNF_2025/Batch_3_Recordings/Week_2/B3_W2_edf and dat files/W2_D2/B3_W2_D2_22012026(3).edf,Batch_3,2,1,4963.129358208956,4982.718910447762,19.58955223880639,convulsive
B3_W2_D2_22012026(3),/lunarc/nobackup/projects/lu2026-2-60/RAM_GDNF_2025/Batch_3_Recordings/Week_2/B3_W2_edf and dat files/W2_D2/B3_W2_D2_22012026(3).edf,Batch_3,7,6,650.2712178171643,666.6960405783582,16.424822761193923,convulsive
B3_W2_D2_22012026(4),/lunarc/nobackup/projects/lu2026-2-60/RAM_GDNF_2025/Batch_3_Recordings/Week_2/B3_W2_edf and dat files/W2_D2/B3_W2_D2_22012026(4).edf,Batch_3,2,1,911.9417611940298,926.494,14.552238805970203,convulsive
B3_W2_D2_22012026(4),/lunarc/nobackup/projects/lu2026-2-60/RAM_GDNF_2025/Batch_3_Recordings/Week_2/B3_W2_edf and dat files/W2_D2/B3_W2_D2_22012026(4).edf,Batch_3,2,1,1469.6899556786705,1482.810915974146,13.12096029547547,convulsive
B3_W2_D2_22012026(4),/lunarc/nobackup/projects/lu2026-2-60/RAM_GDNF_2025/Batch_3_Recordings/Week_2/B3_W2_edf and dat files/W2_D2/B3_W2_D2_22012026(4).edf,Batch_3,2,1,5246.493119402985,5274.758044776119,28.264925373134247,convulsive
B3_W2_D2_22012026(5),/lunarc/nobackup/projects/lu2026-2-60/RAM_GDNF_2025/Batch_3_Recordings/Week_2/B3_W2_edf and dat files/W2_D2/B3_W2_D2_22012026(5).edf,Batch_3,5,4,506.9122105263158,538.5590249307479,31.64681440443212,convulsive
B3_W2_D2_22012026(6),/lunarc/nobackup/projects/lu2026-2-60/RAM_GDNF_2025/Batch_3_Recordings/Week_2/B3_W2_edf and dat files/W2_D2/B3_W2_D2_22012026(6).edf,Batch_3,7,6,1182.1433582089553,1222.2552985074628,40.111940298507534,convulsive
B3_W2_D2_22012026(6),/lunarc/nobackup/projects/lu2026-2-60/RAM_GDNF_2025/Batch_3_Recordings/Week_2/B3_W2_edf and dat files/W2_D2/B3_W2_D2_22012026(6).edf,Batch_3,7,6,4342.407798507464,4377.109291044777,34.70149253731324,convulsive
B3_W2_D2_22012026(8),/lunarc/nobackup/projects/lu2026-2-60/RAM_GDNF_2025/Batch_3_Recordings/Week_2/B3_W2_edf and dat files/W2_D2/B3_W2_D2_22012026(8).edf,Batch_3,2,1,5143.844109879963,5157.556021237304,13.711911357340796,convulsive
B3_W2_D2_22012026(8),/lunarc/nobackup/projects/lu2026-2-60/RAM_GDNF_2025/Batch_3_Recordings/Week_2/B3_W2_edf and dat files/W2_D2/B3_W2_D2_22012026(8).edf,Batch_3,7,6,2645.15626119403,2742.824171641791,97.6679104477612,convulsive
B3_W2_D2_22012026(9),/lunarc/nobackup/projects/lu2026-2-60/RAM_GDNF_2025/Batch_3_Recordings/Week_2/B3_W2_edf and dat files/W2_D2/B3_W2_D2_22012026(9).edf,Batch_3,2,1,985.21575900277,1005.9359806094184,20.720221606648124,convulsive
B3_W2_D2_22012026(9),/lunarc/nobackup/projects/lu2026-2-60/RAM_GDNF_2025/Batch_3_Recordings/Week_2/B3_W2_edf and dat files/W2_D2/B3_W2_D2_22012026(9).edf,Batch_3,2,1,1915.5386999059267,1951.945096895579,36.40639698965197,convulsive
B3_W2_D3_23012026(14),/lunarc/nobackup/projects/lu2026-2-60/RAM_GDNF_2025/Batch_3_Recordings/Week_2/B3_W2_edf and dat files/W2_D3/B3_W2_D3_23012026(14).edf,Batch_3,2,1,2406.685119402985,2417.5992985074627,10.914179104477626,convulsive
B3_W2_D3_23012026(15),/lunarc/nobackup/projects/lu2026-2-60/RAM_GDNF_2025/Batch_3_Recordings/Week_2/B3_W2_edf and dat files/W2_D3/B3_W2_D3_23012026(15).edf,Batch_3,2,1,2368.1191560480147,2388.063754385965,19.944598337950083,convulsive
B3_W2_D3_23012026(15),/lunarc/nobackup/projects/lu2026-2-60/RAM_GDNF_2025/Batch_3_Recordings/Week_2/B3_W2_edf and dat files/W2_D3/B3_W2_D3_23012026(15).edf,Batch_3,2,1,2977.8205718283584,2992.151840485075,14.331268656716476,convulsive
B3_W2_D3_23012026(16),/lunarc/nobackup/projects/lu2026-2-60/RAM_GDNF_2025/Batch_3_Recordings/Week_2/B3_W2_edf and dat files/W2_D3/B3_W2_D3_23012026(16).edf,Batch_3,7,6,882.6357164179105,895.779,13.143283582089452,convulsive
B3_W2_D3_23012026(4),/lunarc/nobackup/projects/lu2026-2-60/RAM_GDNF_2025/Batch_3_Recordings/Week_2/B3_W2_edf and dat files/W2_D3/B3_W2_D3_23012026(4).edf,Batch_3,2,1,628.1954413665743,644.5389316712834,16.34349030470912,convulsive
B3_W2_D3_23012026(5),/lunarc/nobackup/projects/lu2026-2-60/RAM_GDNF_2025/Batch_3_Recordings/Week_2/B3_W2_edf and dat files/W2_D3/B3_W2_D3_23012026(5).edf,Batch_3,2,1,202.7120447761194,235.45458208955225,32.74253731343282,convulsive
B3_W2_D3_23012026(5),/lunarc/nobackup/projects/lu2026-2-60/RAM_GDNF_2025/Batch_3_Recordings/Week_2/B3_W2_edf and dat files/W2_D3/B3_W2_D3_23012026(5).edf,Batch_3,2,1,2631.1877276084947,2680.022210526316,48.83448291782133,convulsive
B3_W2_D3_23012026(5),/lunarc/nobackup/projects/lu2026-2-60/RAM_GDNF_2025/Batch_3_Recordings/Week_2/B3_W2_edf and dat files/W2_D3/B3_W2_D3_23012026(5).edf,Batch_3,2,1,2715.1348208955224,2732.522880597015,17.388059701492693,convulsive
B3_W2_D3_23012026(5),/lunarc/nobackup/projects/lu2026-2-60/RAM_GDNF_2025/Batch_3_Recordings/Week_2/B3_W2_edf and dat files/W2_D3/B3_W2_D3_23012026(5).edf,Batch_3,2,1,3687.134895522388,3753.1796716417903,66.04477611940274,convulsive
B3_W2_D3_23012026(7),/lunarc/nobackup/projects/lu2026-2-60/RAM_GDNF_2025/Batch_3_Recordings/Week_2/B3_W2_edf and dat files/W2_D3/B3_W2_D3_23012026(7).edf,Batch_3,7,6,106.8793030869972,129.61082787652012,22.73152478952292,convulsive
B3_W2_D4_24012026(1),/lunarc/nobackup/projects/lu2026-2-60/RAM_GDNF_2025/Batch_3_Recordings/Week_2/B3_W2_edf and dat files/W2_D4/B3_W2_D4_24012026(1).edf,Batch_3,5,4,468.5327472118959,485.8189925650558,17.28624535315987,convulsive
B3_W2_D4_24012026(13),/lunarc/nobackup/projects/lu2026-2-60/RAM_GDNF_2025/Batch_3_Recordings/Week_2/B3_W2_edf and dat files/W2_D4/B3_W2_D4_24012026(13).edf,Batch_3,2,1,5058.907582089552,5075.512059701492,16.60447761193973,convulsive
B3_W2_D4_24012026(14),/lunarc/nobackup/projects/lu2026-2-60/RAM_GDNF_2025/Batch_3_Recordings/Week_2/B3_W2_edf and dat files/W2_D4/B3_W2_D4_24012026(14).edf,Batch_3,2,1,3296.615024007386,3312.4968337950136,15.881809787626937,convulsive
B3_W2_D4_24012026(16),/lunarc/nobackup/projects/lu2026-2-60/RAM_GDNF_2025/Batch_3_Recordings/Week_2/B3_W2_edf and dat files/W2_D4/B3_W2_D4_24012026(16).edf,Batch_3,2,1,1000.5498208955224,1041.743850746269,41.19402985074635,convulsive
B3_W2_D4_24012026(16),/lunarc/nobackup/projects/lu2026-2-60/RAM_GDNF_2025/Batch_3_Recordings/Week_2/B3_W2_edf and dat files/W2_D4/B3_W2_D4_24012026(16).edf,Batch_3,2,1,1205.931291044776,1250.0077835820896,44.07649253731347,convulsive
B3_W2_D4_24012026(16),/lunarc/nobackup/projects/lu2026-2-60/RAM_GDNF_2025/Batch_3_Recordings/Week_2/B3_W2_edf and dat files/W2_D4/B3_W2_D4_24012026(16).edf,Batch_3,7,6,4342.707044609665,4388.45,45.74295539033483,convulsive
B3_W2_D4_24012026(3),/lunarc/nobackup/projects/lu2026-2-60/RAM_GDNF_2025/Batch_3_Recordings/Week_2/B3_W2_edf and dat files/W2_D4/B3_W2_D4_24012026(3).edf,Batch_3,2,1,691.6666879039706,724.2168485687905,32.55016066481994,convulsive
B3_W2_D4_24012026(4),/lunarc/nobackup/projects/lu2026-2-60/RAM_GDNF_2025/Batch_3_Recordings/Week_2/B3_W2_edf and dat files/W2_D4/B3_W2_D4_24012026(4).edf,Batch_3,2,1,805.2158726679104,822.6103017723881,17.394429104477695,convulsive
B3_W2_D4_24012026(4),/lunarc/nobackup/projects/lu2026-2-60/RAM_GDNF_2025/Batch_3_Recordings/Week_2/B3_W2_edf and dat files/W2_D4/B3_W2_D4_24012026(4).edf,Batch_3,2,1,4378.697458955224,4429.546339552239,50.84888059701552,convulsive
B3_W2_D4_24012026(6),/lunarc/nobackup/projects/lu2026-2-60/RAM_GDNF_2025/Batch_3_Recordings/Week_2/B3_W2_edf and dat files/W2_D4/B3_W2_D4_24012026(6).edf,Batch_3,7,6,1014.771276119403,1037.1593358208954,22.388059701492462,convulsive
B3_W2_D4_24012026(7),/lunarc/nobackup/projects/lu2026-2-60/RAM_GDNF_2025/Batch_3_Recordings/Week_2/B3_W2_edf and dat files/W2_D4/B3_W2_D4_24012026(7).edf,Batch_3,7,6,2523.33821641791,2541.855007462687,18.516791044776255,convulsive
B3_W2_D5_25012026(4),/lunarc/nobackup/projects/lu2026-2-60/RAM_GDNF_2025/Batch_3_Recordings/Week_2/B3_W2_edf and dat files/W2_D5/B3_W2_D5_25012026(4).edf,Batch_3,2,1,2632.4165447761193,2642.2113208955225,9.794776119403195,convulsive
B3_W2_D7_27012026(10),/lunarc/nobackup/projects/lu2026-2-60/RAM_GDNF_2025/Batch_3_Recordings/Week_2/B3_W2_edf and dat files/W2_D7/B3_W2_D7_27012026(10).edf,Batch_3,2,1,2240.4327238805968,2245.8525,5.4197761194031955,convulsive
B3_W2_D7_27012026(4),/lunarc/nobackup/projects/lu2026-2-60/RAM_GDNF_2025/Batch_3_Recordings/Week_2/B3_W2_edf and dat files/W2_D7/B3_W2_D7_27012026(4).edf,Batch_3,2,1,229.57799766791047,254.6091599813433,25.031162313432844,convulsive
B3_W2_D7_27012026(8),/lunarc/nobackup/projects/lu2026-2-60/RAM_GDNF_2025/Batch_3_Recordings/Week_2/B3_W2_edf and dat files/W2_D7/B3_W2_D7_27012026(8).edf,Batch_3,2,1,890.7965862873134,936.72753125,45.93094496268657,convulsive
B3_W3_D1_28012026(10),/lunarc/nobackup/projects/lu2026-2-60/RAM_GDNF_2025/Batch_3_Recordings/Week_3/EDF and Dat files/W3_D1/B3_W3_D1_28012026(10).edf,Batch_3,6,5,272.7589538319483,295.1966269621422,22.4376731301939,convulsive
B3_W3_D1_28012026(13),/lunarc/nobackup/projects/lu2026-2-60/RAM_GDNF_2025/Batch_3_Recordings/Week_3/EDF and Dat files/W3_D1/B3_W3_D1_28012026(13).edf,Batch_3,2,1,5162.355119402985,5186.23571641791,23.880597014925115,convulsive
B3_W3_D1_28012026(2),/lunarc/nobackup/projects/lu2026-2-60/RAM_GDNF_2025/Batch_3_Recordings/Week_3/EDF and Dat files/W3_D1/B3_W3_D1_28012026(2).edf,Batch_3,2,1,3382.126865671642,3398.0783582089553,15.951492537313245,convulsive
B3_W3_D1_28012026(6),/lunarc/nobackup/projects/lu2026-2-60/RAM_GDNF_2025/Batch_3_Recordings/Week_3/EDF and Dat files/W3_D1/B3_W3_D1_28012026(6).edf,Batch_3,2,1,380.8011343283582,398.0585970149254,17.25746268656718,convulsive
B3_W3_D3_02022026(12),/lunarc/nobackup/projects/lu2026-2-60/RAM_GDNF_2025/Batch_3_Recordings/Week_3/EDF and Dat files/W3_D2/B3_W3_D3_02022026(12).edf,Batch_3,7,6,3480.229724907063,3521.270617100372,41.04089219330854,convulsive
B3_W3_D3_02022026(15),/lunarc/nobackup/projects/lu2026-2-60/RAM_GDNF_2025/Batch_3_Recordings/Week_3/EDF and Dat files/W3_D2/B3_W3_D3_02022026(15).edf,Batch_3,7,6,5090.047970149254,5126.428567164179,36.380597014925115,convulsive
B3_W3_D3_02022026(3),/lunarc/nobackup/projects/lu2026-2-60/RAM_GDNF_2025/Batch_3_Recordings/Week_3/EDF and Dat files/W3_D2/B3_W3_D3_02022026(3).edf,Batch_3,6,5,2256.6976492537315,2285.242425373134,28.54477611940274,convulsive
B3_W3_D4_03022026(5),/lunarc/nobackup/projects/lu2026-2-60/RAM_GDNF_2025/Batch_3_Recordings/Week_3/EDF and Dat files/W3_D3/B3_W3_D4_03022026(5).edf,Batch_3,2,1,5230.804253731343,5254.405,23.60074626865662,convulsive
B3_W3_D4_03022026(9),/lunarc/nobackup/projects/lu2026-2-60/RAM_GDNF_2025/Batch_3_Recordings/Week_3/EDF and Dat files/W3_D3/B3_W3_D4_03022026(9).edf,Batch_3,6,5,3932.633424836601,3975.210455648926,42.57703081232512,convulsive
B3_W3_D5_04022026(3),/lunarc/nobackup/projects/lu2026-2-60/RAM_GDNF_2025/Batch_3_Recordings/Week_3/EDF and Dat files/W3_D4/B3_W3_D5_04022026(3).edf,Batch_3,7,6,3697.50124535316,3744.954776951673,47.45353159851311,convulsive
B3_W3_D7_06022026(10),/lunarc/nobackup/projects/lu2026-2-60/RAM_GDNF_2025/Batch_3_Recordings/Week_3/EDF and Dat files/W3_D6/B3_W3_D7_06022026(10).edf,Batch_3,7,6,2484.6543905817175,2526.7596537396125,42.105263157895024,convulsive
B3_W3_D7_06022026(8),/lunarc/nobackup/projects/lu2026-2-60/RAM_GDNF_2025/Batch_3_Recordings/Week_3/EDF and Dat files/W3_D6/B3_W3_D7_06022026(8).edf,Batch_3,5,4,677.6007985074626,687.9086343283582,10.307835820895548,convulsive
B4_W1_D1_21062026(1),/lunarc/nobackup/projects/lu2026-2-60/RAM_GDNF_2025/Batch_4_Recordings/Week_1/B4_W1_edf and dat files/W1_D1/B4_W1_D1_21062026(1).edf,Batch_4,7,6,1191.2167313432835,1209.6868805970148,18.47014925373128,convulsive
B4_W1_D1_21062026(11),/lunarc/nobackup/projects/lu2026-2-60/RAM_GDNF_2025/Batch_4_Recordings/Week_1/B4_W1_edf and dat files/W1_D1/B4_W1_D1_21062026(11).edf,Batch_4,7,6,297.801119402985,306.0100746268657,8.20895522388065,convulsive
B4_W1_D1_21062026(13),/lunarc/nobackup/projects/lu2026-2-60/RAM_GDNF_2025/Batch_4_Recordings/Week_1/B4_W1_edf and dat files/W1_D1/B4_W1_D1_21062026(13).edf,Batch_4,7,6,2036.897276119403,2049.397276119403,12.500000000000227,behavior
B4_W1_D1_21062026(15),/lunarc/nobackup/projects/lu2026-2-60/RAM_GDNF_2025/Batch_4_Recordings/Week_1/B4_W1_edf and dat files/W1_D1/B4_W1_D1_21062026(15).edf,Batch_4,7,6,4294.138343283582,4348.653268656717,54.51492537313515,convulsive
B4_W1_D1_21062026(5),/lunarc/nobackup/projects/lu2026-2-60/RAM_GDNF_2025/Batch_4_Recordings/Week_1/B4_W1_edf and dat files/W1_D1/B4_W1_D1_21062026(5).edf,Batch_4,7,6,4507.138231343284,4512.4087537313435,5.270522388059362,convulsive
B4_W1_D1_21062026(6),/lunarc/nobackup/projects/lu2026-2-60/RAM_GDNF_2025/Batch_4_Recordings/Week_1/B4_W1_edf and dat files/W1_D1/B4_W1_D1_21062026(6).edf,Batch_4,7,6,1831.8697835820897,1845.722395522388,13.85261194029863,behavior
B4_W1_D1_21062026(6),/lunarc/nobackup/projects/lu2026-2-60/RAM_GDNF_2025/Batch_4_Recordings/Week_1/B4_W1_edf and dat files/W1_D1/B4_W1_D1_21062026(6).edf,Batch_4,7,6,3566.942,3614.308,47.365999999999985,convulsive
B4_W1_D1_21062026(7),/lunarc/nobackup/projects/lu2026-2-60/RAM_GDNF_2025/Batch_4_Recordings/Week_1/B4_W1_edf and dat files/W1_D1/B4_W1_D1_21062026(7).edf,Batch_4,7,6,1555.6411082089553,1603.716,48.07489179104459,convulsive
B4_W1_D1_21062026(7),/lunarc/nobackup/projects/lu2026-2-60/RAM_GDNF_2025/Batch_4_Recordings/Week_1/B4_W1_edf and dat files/W1_D1/B4_W1_D1_21062026(7).edf,Batch_4,7,6,4464.451,4485.538,21.086999999999534,convulsive
B4_W1_D1_21062026(8),/lunarc/nobackup/projects/lu2026-2-60/RAM_GDNF_2025/Batch_4_Recordings/Week_1/B4_W1_edf and dat files/W1_D1/B4_W1_D1_21062026(8).edf,Batch_4,7,6,481.402,557.8292388059702,76.42723880597026,convulsive
B4_W1_D1_21062026(8),/lunarc/nobackup/projects/lu2026-2-60/RAM_GDNF_2025/Batch_4_Recordings/Week_1/B4_W1_edf and dat files/W1_D1/B4_W1_D1_21062026(8).edf,Batch_4,7,6,1602.777,1639.244,36.46699999999987,convulsive
B4_W1_D1_21062026(8),/lunarc/nobackup/projects/lu2026-2-60/RAM_GDNF_2025/Batch_4_Recordings/Week_1/B4_W1_edf and dat files/W1_D1/B4_W1_D1_21062026(8).edf,Batch_4,7,6,2520.915,2537.228,16.313000000000102,convulsive
B4_W1_D2_22062026(14),/lunarc/nobackup/projects/lu2026-2-60/RAM_GDNF_2025/Batch_4_Recordings/Week_1/B4_W1_edf and dat files/W1_D2/B4_W1_D2_22062026(14).edf,Batch_4,7,6,4278.46771641791,4301.303537313433,22.835820895522374,convulsive
B4_W1_D2_22062026(15),/lunarc/nobackup/projects/lu2026-2-60/RAM_GDNF_2025/Batch_4_Recordings/Week_1/B4_W1_edf and dat files/W1_D2/B4_W1_D2_22062026(15).edf,Batch_4,1,0,4028.21,4043.513,15.302999999999884,behavior
B4_W1_D2_22062026(2),/lunarc/nobackup/projects/lu2026-2-60/RAM_GDNF_2025/Batch_4_Recordings/Week_1/B4_W1_edf and dat files/W1_D2/B4_W1_D2_22062026(2).edf,Batch_4,7,6,558.5006483208956,577.7109076492537,19.21025932835812,convulsive
B4_W1_D2_22062026(4),/lunarc/nobackup/projects/lu2026-2-60/RAM_GDNF_2025/Batch_4_Recordings/Week_1/B4_W1_edf and dat files/W1_D2/B4_W1_D2_22062026(4).edf,Batch_4,7,6,3313.286,3404.983,91.69700000000012,convulsive
B4_W1_D2_22062026(4),/lunarc/nobackup/projects/lu2026-2-60/RAM_GDNF_2025/Batch_4_Recordings/Week_1/B4_W1_edf and dat files/W1_D2/B4_W1_D2_22062026(4).edf,Batch_4,7,6,3583.442462686567,3621.949925373134,38.50746268656712,convulsive
B4_W1_D3_23062026(12),/lunarc/nobackup/projects/lu2026-2-60/RAM_GDNF_2025/Batch_4_Recordings/Week_1/B4_W1_edf and dat files/W1_D3/B4_W1_D3_23062026(12).edf,Batch_4,7,6,246.296,254.67525419776115,8.379254197761156,convulsive
B4_W1_D3_23062026(13),/lunarc/nobackup/projects/lu2026-2-60/RAM_GDNF_2025/Batch_4_Recordings/Week_1/B4_W1_edf and dat files/W1_D3/B4_W1_D3_23062026(13).edf,Batch_4,7,6,5137.475540578358,5203.821083488806,66.34554291044788,convulsive
B4_W1_D3_23062026(14),/lunarc/nobackup/projects/lu2026-2-60/RAM_GDNF_2025/Batch_4_Recordings/Week_1/B4_W1_edf and dat files/W1_D3/B4_W1_D3_23062026(14).edf,Batch_4,1,0,2975.5833921200747,2988.575887429643,12.992495309568769,convulsive
B4_W1_D3_23062026(14),/lunarc/nobackup/projects/lu2026-2-60/RAM_GDNF_2025/Batch_4_Recordings/Week_1/B4_W1_edf and dat files/W1_D3/B4_W1_D3_23062026(14).edf,Batch_4,7,6,2576.672986149584,2597.3932077562326,20.720221606648465,convulsive
B4_W1_D3_23062026(15),/lunarc/nobackup/projects/lu2026-2-60/RAM_GDNF_2025/Batch_4_Recordings/Week_1/B4_W1_edf and dat files/W1_D3/B4_W1_D3_23062026(15).edf,Batch_4,6,5,938.9383146067416,945.1742696629212,6.235955056179705,convulsive
B4_W1_D3_23062026(15),/lunarc/nobackup/projects/lu2026-2-60/RAM_GDNF_2025/Batch_4_Recordings/Week_1/B4_W1_edf and dat files/W1_D3/B4_W1_D3_23062026(15).edf,Batch_4,7,6,3635.609970149254,3689.552,53.94202985074617,convulsive
B4_W1_D3_23062026(15),/lunarc/nobackup/projects/lu2026-2-60/RAM_GDNF_2025/Batch_4_Recordings/Week_1/B4_W1_edf and dat files/W1_D3/B4_W1_D3_23062026(15).edf,Batch_4,8,7,1198.124530956848,1205.310272045028,7.185741088180066,convulsive
B4_W1_D3_23062026(3),/lunarc/nobackup/projects/lu2026-2-60/RAM_GDNF_2025/Batch_4_Recordings/Week_1/B4_W1_edf and dat files/W1_D3/B4_W1_D3_23062026(3).edf,Batch_4,7,6,1886.6248731343285,1902.296514925373,15.671641791044747,convulsive
B4_W1_D3_23062026(4),/lunarc/nobackup/projects/lu2026-2-60/RAM_GDNF_2025/Batch_4_Recordings/Week_1/B4_W1_edf and dat files/W1_D3/B4_W1_D3_23062026(4).edf,Batch_4,7,6,3204.718,3239.7259780783584,35.00797807835852,convulsive
B4_W1_D4_24062026(10),/lunarc/nobackup/projects/lu2026-2-60/RAM_GDNF_2025/Batch_4_Recordings/Week_1/B4_W1_edf and dat files/W1_D4/B4_W1_D4_24062026(10).edf,Batch_4,3,2,1817.7096194029853,1823.8196940298508,6.110074626865526,convulsive
B4_W1_D4_24062026(10),/lunarc/nobackup/projects/lu2026-2-60/RAM_GDNF_2025/Batch_4_Recordings/Week_1/B4_W1_edf and dat files/W1_D4/B4_W1_D4_24062026(10).edf,Batch_4,8,7,2959.625514925373,2965.035962686567,5.410447761194064,behavior
B4_W1_D4_24062026(10),/lunarc/nobackup/projects/lu2026-2-60/RAM_GDNF_2025/Batch_4_Recordings/Week_1/B4_W1_edf and dat files/W1_D4/B4_W1_D4_24062026(10).edf,Batch_4,8,7,2971.0061119402985,2975.9035,4.89738805970137,behavior
B4_W1_D4_24062026(10),/lunarc/nobackup/projects/lu2026-2-60/RAM_GDNF_2025/Batch_4_Recordings/Week_1/B4_W1_edf and dat files/W1_D4/B4_W1_D4_24062026(10).edf,Batch_4,8,7,5056.189380597015,5067.579305970149,11.389925373134249,behavior
B4_W1_D4_24062026(12),/lunarc/nobackup/projects/lu2026-2-60/RAM_GDNF_2025/Batch_4_Recordings/Week_1/B4_W1_edf and dat files/W1_D4/B4_W1_D4_24062026(12).edf,Batch_4,7,6,4347.231253283302,4357.831628517823,10.60037523452138,convulsive
B4_W1_D4_24062026(12),/lunarc/nobackup/projects/lu2026-2-60/RAM_GDNF_2025/Batch_4_Recordings/Week_1/B4_W1_edf and dat files/W1_D4/B4_W1_D4_24062026(12).edf,Batch_4,8,7,4720.127798507463,4732.814365671642,12.686567164178996,behavior
B4_W1_D4_24062026(13),/lunarc/nobackup/projects/lu2026-2-60/RAM_GDNF_2025/Batch_4_Recordings/Week_1/B4_W1_edf and dat files/W1_D4/B4_W1_D4_24062026(13).edf,Batch_4,7,6,4890.569454033772,4898.590091932459,8.0206378986868,convulsive
B4_W1_D4_24062026(13),/lunarc/nobackup/projects/lu2026-2-60/RAM_GDNF_2025/Batch_4_Recordings/Week_1/B4_W1_edf and dat files/W1_D4/B4_W1_D4_24062026(13).edf,Batch_4,7,6,5366.36682739212,5375.1848386491565,8.818011257036233,convulsive
B4_W1_D4_24062026(14),/lunarc/nobackup/projects/lu2026-2-60/RAM_GDNF_2025/Batch_4_Recordings/Week_1/B4_W1_edf and dat files/W1_D4/B4_W1_D4_24062026(14).edf,Batch_4,1,0,530.0881144465459,536.9173827392289,6.829268292682968,behavior
B4_W1_D4_24062026(14),/lunarc/nobackup/projects/lu2026-2-60/RAM_GDNF_2025/Batch_4_Recordings/Week_1/B4_W1_edf and dat files/W1_D4/B4_W1_D4_24062026(14).edf,Batch_4,1,0,547.6770853658536,562.9745975609756,15.297512195121952,convulsive
B4_W1_D4_24062026(14),/lunarc/nobackup/projects/lu2026-2-60/RAM_GDNF_2025/Batch_4_Recordings/Week_1/B4_W1_edf and dat files/W1_D4/B4_W1_D4_24062026(14).edf,Batch_4,1,0,547.742898686696,562.8460881801294,15.103189493433431,behavior
B4_W1_D4_24062026(14),/lunarc/nobackup/projects/lu2026-2-60/RAM_GDNF_2025/Batch_4_Recordings/Week_1/B4_W1_edf and dat files/W1_D4/B4_W1_D4_24062026(14).edf,Batch_4,1,0,1119.7410225140882,1135.7353939962643,15.994371482176348,behavior
B4_W1_D4_24062026(14),/lunarc/nobackup/projects/lu2026-2-60/RAM_GDNF_2025/Batch_4_Recordings/Week_1/B4_W1_edf and dat files/W1_D4/B4_W1_D4_24062026(14).edf,Batch_4,1,0,1239.3577926829266,1246.1884999999995,6.83070731707312,convulsive
B4_W1_D4_24062026(14),/lunarc/nobackup/projects/lu2026-2-60/RAM_GDNF_2025/Batch_4_Recordings/Week_1/B4_W1_edf and dat files/W1_D4/B4_W1_D4_24062026(14).edf,Batch_4,1,0,3230.3648499062083,3250.1584709193417,19.79362101313336,behavior
B4_W1_D4_24062026(14),/lunarc/nobackup/projects/lu2026-2-60/RAM_GDNF_2025/Batch_4_Recordings/Week_1/B4_W1_edf and dat files/W1_D4/B4_W1_D4_24062026(14).edf,Batch_4,1,0,3323.6998325516106,3329.193291275813,5.493458724202355,behavior
B4_W1_D4_24062026(14),/lunarc/nobackup/projects/lu2026-2-60/RAM_GDNF_2025/Batch_4_Recordings/Week_1/B4_W1_edf and dat files/W1_D4/B4_W1_D4_24062026(14).edf,Batch_4,8,7,0.2960526315789469,4.703947368421053,4.407894736842106,behavior
B4_W1_D4_24062026(14),/lunarc/nobackup/projects/lu2026-2-60/RAM_GDNF_2025/Batch_4_Recordings/Week_1/B4_W1_edf and dat files/W1_D4/B4_W1_D4_24062026(14).edf,Batch_4,8,7,756.8096135721017,764.6324222431668,7.822808671065104,behavior
B4_W1_D4_24062026(14),/lunarc/nobackup/projects/lu2026-2-60/RAM_GDNF_2025/Batch_4_Recordings/Week_1/B4_W1_edf and dat files/W1_D4/B4_W1_D4_24062026(14).edf,Batch_4,8,7,1615.5926622765758,1629.5155221072437,13.922859830667903,behavior
B4_W1_D4_24062026(14),/lunarc/nobackup/projects/lu2026-2-60/RAM_GDNF_2025/Batch_4_Recordings/Week_1/B4_W1_edf and dat files/W1_D4/B4_W1_D4_24062026(14).edf,Batch_4,8,7,1685.5960264900662,1697.2516556291391,11.655629139072971,behavior
B4_W1_D4_24062026(14),/lunarc/nobackup/projects/lu2026-2-60/RAM_GDNF_2025/Batch_4_Recordings/Week_1/B4_W1_edf and dat files/W1_D4/B4_W1_D4_24062026(14).edf,Batch_4,8,7,1985.1693320790216,1994.5296331138288,9.360301034807208,behavior
B4_W1_D4_24062026(14),/lunarc/nobackup/projects/lu2026-2-60/RAM_GDNF_2025/Batch_4_Recordings/Week_1/B4_W1_edf and dat files/W1_D4/B4_W1_D4_24062026(14).edf,Batch_4,8,7,2596.900282220132,2605.225776105362,8.325493885230117,behavior
B4_W1_D4_24062026(14),/lunarc/nobackup/projects/lu2026-2-60/RAM_GDNF_2025/Batch_4_Recordings/Week_1/B4_W1_edf and dat files/W1_D4/B4_W1_D4_24062026(14).edf,Batch_4,8,7,2764.1485335856196,2770.6764427625353,6.527909176915728,behavior
B4_W1_D4_24062026(14),/lunarc/nobackup/projects/lu2026-2-60/RAM_GDNF_2025/Batch_4_Recordings/Week_1/B4_W1_edf and dat files/W1_D4/B4_W1_D4_24062026(14).edf,Batch_4,8,7,2809.4026340545624,2814.2003762935087,4.7977422389462845,behavior
B4_W1_D4_24062026(14),/lunarc/nobackup/projects/lu2026-2-60/RAM_GDNF_2025/Batch_4_Recordings/Week_1/B4_W1_edf and dat files/W1_D4/B4_W1_D4_24062026(14).edf,Batch_4,8,7,3914.0122295390406,3922.4788334901223,8.466603951081652,behavior
B4_W1_D4_24062026(14),/lunarc/nobackup/projects/lu2026-2-60/RAM_GDNF_2025/Batch_4_Recordings/Week_1/B4_W1_edf and dat files/W1_D4/B4_W1_D4_24062026(14).edf,Batch_4,8,7,4062.549388523048,4075.945437441204,13.396048918155884,behavior
B4_W1_D4_24062026(15),/lunarc/nobackup/projects/lu2026-2-60/RAM_GDNF_2025/Batch_4_Recordings/Week_1/B4_W1_edf and dat files/W1_D4/B4_W1_D4_24062026(15).edf,Batch_4,7,6,218.24414925373168,245.9493731343287,27.705223880597032,convulsive
B4_W1_D4_24062026(15),/lunarc/nobackup/projects/lu2026-2-60/RAM_GDNF_2025/Batch_4_Recordings/Week_1/B4_W1_edf and dat files/W1_D4/B4_W1_D4_24062026(15).edf,Batch_4,8,7,780.5509603544776,798.2316543843283,17.680694029850656,convulsive
B4_W1_D4_24062026(15),/lunarc/nobackup/projects/lu2026-2-60/RAM_GDNF_2025/Batch_4_Recordings/Week_1/B4_W1_edf and dat files/W1_D4/B4_W1_D4_24062026(15).edf,Batch_4,8,7,3066.5727007504693,3070.966,4.393299249530628,convulsive
B4_W1_D4_24062026(16),/lunarc/nobackup/projects/lu2026-2-60/RAM_GDNF_2025/Batch_4_Recordings/Week_1/B4_W1_edf and dat files/W1_D4/B4_W1_D4_24062026(16).edf,Batch_4,8,7,2527.350582089552,2554.272223880597,26.92164179104475,behavior
B4_W1_D4_24062026(16),/lunarc/nobackup/projects/lu2026-2-60/RAM_GDNF_2025/Batch_4_Recordings/Week_1/B4_W1_edf and dat files/W1_D4/B4_W1_D4_24062026(16).edf,Batch_4,8,7,4114.862462686567,4125.440820895522,10.578358208955253,behavior
B4_W1_D4_24062026(17),/lunarc/nobackup/projects/lu2026-2-60/RAM_GDNF_2025/Batch_4_Recordings/Week_1/B4_W1_edf and dat files/W1_D4/B4_W1_D4_24062026(17).edf,Batch_4,1,0,887.9756326148079,920.5904404873476,32.614807872539814,convulsive
B4_W1_D4_24062026(17),/lunarc/nobackup/projects/lu2026-2-60/RAM_GDNF_2025/Batch_4_Recordings/Week_1/B4_W1_edf and dat files/W1_D4/B4_W1_D4_24062026(17).edf,Batch_4,8,7,1010.0893697083724,1017.0507996237064,6.961429915333952,convulsive
B4_W1_D4_24062026(17),/lunarc/nobackup/projects/lu2026-2-60/RAM_GDNF_2025/Batch_4_Recordings/Week_1/B4_W1_edf and dat files/W1_D4/B4_W1_D4_24062026(17).edf,Batch_4,8,7,1175.7568590350047,1183.9403973509934,8.183538315988699,convulsive
B4_W1_D4_24062026(17),/lunarc/nobackup/projects/lu2026-2-60/RAM_GDNF_2025/Batch_4_Recordings/Week_1/B4_W1_edf and dat files/W1_D4/B4_W1_D4_24062026(17).edf,Batch_4,8,7,1724.4323557237465,1731.1494796594134,6.717123935666905,convulsive
B4_W1_D4_24062026(3),/lunarc/nobackup/projects/lu2026-2-60/RAM_GDNF_2025/Batch_4_Recordings/Week_1/B4_W1_edf and dat files/W1_D4/B4_W1_D4_24062026(3).edf,Batch_4,8,7,4821.144358208955,4825.3607761194025,4.21641791044749,convulsive
B4_W1_D4_24062026(3),/lunarc/nobackup/projects/lu2026-2-60/RAM_GDNF_2025/Batch_4_Recordings/Week_1/B4_W1_edf and dat files/W1_D4/B4_W1_D4_24062026(3).edf,Batch_4,8,7,5031.722546641791,5040.69036380597,8.967817164178996,convulsive
B4_W1_D4_24062026(4),/lunarc/nobackup/projects/lu2026-2-60/RAM_GDNF_2025/Batch_4_Recordings/Week_1/B4_W1_edf and dat files/W1_D4/B4_W1_D4_24062026(4).edf,Batch_4,7,6,607.6162101313321,637.2128330206378,29.596622889305763,convulsive
B4_W1_D4_24062026(4),/lunarc/nobackup/projects/lu2026-2-60/RAM_GDNF_2025/Batch_4_Recordings/Week_1/B4_W1_edf and dat files/W1_D4/B4_W1_D4_24062026(4).edf,Batch_4,8,7,604.137,618.695,14.558000000000106,convulsive
B4_W1_D4_24062026(4),/lunarc/nobackup/projects/lu2026-2-60/RAM_GDNF_2025/Batch_4_Recordings/Week_1/B4_W1_edf and dat files/W1_D4/B4_W1_D4_24062026(4).edf,Batch_4,8,7,608.440150801131,617.2620169651273,8.82186616399622,behavior
B4_W1_D4_24062026(4),/lunarc/nobackup/projects/lu2026-2-60/RAM_GDNF_2025/Batch_4_Recordings/Week_1/B4_W1_edf and dat files/W1_D4/B4_W1_D4_24062026(4).edf,Batch_4,8,7,967.9311969839774,972.794533459001,4.863336475023516,behavior
B4_W1_D4_24062026(4),/lunarc/nobackup/projects/lu2026-2-60/RAM_GDNF_2025/Batch_4_Recordings/Week_1/B4_W1_edf and dat files/W1_D4/B4_W1_D4_24062026(4).edf,Batch_4,8,7,2161.7880794701987,2169.2999053926205,7.511825922421849,behavior
B4_W1_D4_24062026(4),/lunarc/nobackup/projects/lu2026-2-60/RAM_GDNF_2025/Batch_4_Recordings/Week_1/B4_W1_edf and dat files/W1_D4/B4_W1_D4_24062026(4).edf,Batch_4,8,7,2505.997177798683,2512.1119473189087,6.114769520225764,behavior
B4_W1_D4_24062026(4),/lunarc/nobackup/projects/lu2026-2-60/RAM_GDNF_2025/Batch_4_Recordings/Week_1/B4_W1_edf and dat files/W1_D4/B4_W1_D4_24062026(4).edf,Batch_4,8,7,2847.257761053622,2852.9303857008467,5.672624647224893,behavior
B4_W1_D4_24062026(4),/lunarc/nobackup/projects/lu2026-2-60/RAM_GDNF_2025/Batch_4_Recordings/Week_1/B4_W1_edf and dat files/W1_D4/B4_W1_D4_24062026(4).edf,Batch_4,8,7,3030.417,3036.989,6.572000000000116,convulsive
B4_W1_D4_24062026(4),/lunarc/nobackup/projects/lu2026-2-60/RAM_GDNF_2025/Batch_4_Recordings/Week_1/B4_W1_edf and dat files/W1_D4/B4_W1_D4_24062026(4).edf,Batch_4,8,7,3436.6745506149477,3442.9659413434247,6.291390728476927,behavior
B4_W1_D4_24062026(5),/lunarc/nobackup/projects/lu2026-2-60/RAM_GDNF_2025/Batch_4_Recordings/Week_1/B4_W1_edf and dat files/W1_D4/B4_W1_D4_24062026(5).edf,Batch_4,7,6,4181.476521575985,4189.283,7.80647842401504,convulsive
B4_W1_D4_24062026(5),/lunarc/nobackup/projects/lu2026-2-60/RAM_GDNF_2025/Batch_4_Recordings/Week_1/B4_W1_edf and dat files/W1_D4/B4_W1_D4_24062026(5).edf,Batch_4,8,7,4566.083,4573.793,7.710000000000036,convulsive
B4_W1_D4_24062026(6),/lunarc/nobackup/projects/lu2026-2-60/RAM_GDNF_2025/Batch_4_Recordings/Week_1/B4_W1_edf and dat files/W1_D4/B4_W1_D4_24062026(6).edf,Batch_4,7,6,4781.544112570356,4788.016908067541,6.472795497184961,behavior
B4_W1_D4_24062026(6),/lunarc/nobackup/projects/lu2026-2-60/RAM_GDNF_2025/Batch_4_Recordings/Week_1/B4_W1_edf and dat files/W1_D4/B4_W1_D4_24062026(6).edf,Batch_4,8,7,116.30070778611632,121.50465150093808,5.2039437148217615,convulsive
B4_W1_D4_24062026(9),/lunarc/nobackup/projects/lu2026-2-60/RAM_GDNF_2025/Batch_4_Recordings/Week_1/B4_W1_edf and dat files/W1_D4/B4_W1_D4_24062026(9).edf,Batch_4,7,6,852.5612898686679,896.9901979362102,44.42890806754224,behavior
B4_W1_D4_24062026(9),/lunarc/nobackup/projects/lu2026-2-60/RAM_GDNF_2025/Batch_4_Recordings/Week_1/B4_W1_edf and dat files/W1_D4/B4_W1_D4_24062026(9).edf,Batch_4,8,7,5175.929,5183.084,7.154999999999745,behavior
B4_W1_D5_25062026(1),/lunarc/nobackup/projects/lu2026-2-60/RAM_GDNF_2025/Batch_4_Recordings/Week_1/B4_W1_edf and dat files/W1_D5/B4_W1_D5_25062026(1).edf,Batch_4,8,7,4445.597365945438,4456.378174976481,10.780809031043646,convulsive
B4_W1_D5_25062026(10),/lunarc/nobackup/projects/lu2026-2-60/RAM_GDNF_2025/Batch_4_Recordings/Week_1/B4_W1_edf and dat files/W1_D5/B4_W1_D5_25062026(10).edf,Batch_4,7,6,5077.729422894986,5101.854304635762,24.12488174077589,behavior
B4_W1_D5_25062026(12),/lunarc/nobackup/projects/lu2026-2-60/RAM_GDNF_2025/Batch_4_Recordings/Week_1/B4_W1_edf and dat files/W1_D5/B4_W1_D5_25062026(12).edf,Batch_4,8,7,298.14759287054443,305.91494746716734,7.7673545966229085,convulsive
B4_W1_D5_25062026(12),/lunarc/nobackup/projects/lu2026-2-60/RAM_GDNF_2025/Batch_4_Recordings/Week_1/B4_W1_edf and dat files/W1_D5/B4_W1_D5_25062026(12).edf,Batch_4,8,7,1075.5202686567168,1078.8784776119408,3.358208955223972,convulsive
B4_W1_D5_25062026(12),/lunarc/nobackup/projects/lu2026-2-60/RAM_GDNF_2025/Batch_4_Recordings/Week_1/B4_W1_edf and dat files/W1_D5/B4_W1_D5_25062026(12).edf,Batch_4,8,7,1760.1738592870547,1764.263915572233,4.090056285178207,convulsive
B4_W1_D5_25062026(12),/lunarc/nobackup/projects/lu2026-2-60/RAM_GDNF_2025/Batch_4_Recordings/Week_1/B4_W1_edf and dat files/W1_D5/B4_W1_D5_25062026(12).edf,Batch_4,8,7,3637.6926210131337,3647.9177617260793,10.225140712945633,convulsive
B4_W1_D5_25062026(12),/lunarc/nobackup/projects/lu2026-2-60/RAM_GDNF_2025/Batch_4_Recordings/Week_1/B4_W1_edf and dat files/W1_D5/B4_W1_D5_25062026(12).edf,Batch_4,8,7,4170.098812382739,4174.789243902439,4.690431519699814,convulsive
B4_W1_D5_25062026(12),/lunarc/nobackup/projects/lu2026-2-60/RAM_GDNF_2025/Batch_4_Recordings/Week_1/B4_W1_edf and dat files/W1_D5/B4_W1_D5_25062026(12).edf,Batch_4,8,7,4457.278664179104,4466.681649253732,9.402985074627397,convulsive
B4_W1_D5_25062026(13),/lunarc/nobackup/projects/lu2026-2-60/RAM_GDNF_2025/Batch_4_Recordings/Week_1/B4_W1_edf and dat files/W1_D5/B4_W1_D5_25062026(13).edf,Batch_4,7,6,49.08834586466166,55.74248120300752,6.65413533834586,convulsive
B4_W1_D5_25062026(13),/lunarc/nobackup/projects/lu2026-2-60/RAM_GDNF_2025/Batch_4_Recordings/Week_1/B4_W1_edf and dat files/W1_D5/B4_W1_D5_25062026(13).edf,Batch_4,7,6,2064.0797673545967,2070.608848030018,6.5290806754219375,convulsive
B4_W1_D5_25062026(13),/lunarc/nobackup/projects/lu2026-2-60/RAM_GDNF_2025/Batch_4_Recordings/Week_1/B4_W1_edf and dat files/W1_D5/B4_W1_D5_25062026(13).edf,Batch_4,7,6,2115.608848030018,2121.462506566604,5.853658536585499,convulsive
B4_W1_D5_25062026(13),/lunarc/nobackup/projects/lu2026-2-60/RAM_GDNF_2025/Batch_4_Recordings/Week_1/B4_W1_edf and dat files/W1_D5/B4_W1_D5_25062026(13).edf,Batch_4,7,6,2445.106971857411,2453.915602251407,8.808630393996282,convulsive
B4_W1_D5_25062026(13),/lunarc/nobackup/projects/lu2026-2-60/RAM_GDNF_2025/Batch_4_Recordings/Week_1/B4_W1_edf and dat files/W1_D5/B4_W1_D5_25062026(13).edf,Batch_4,7,6,2555.060067542214,2560.013163227017,4.953095684802975,convulsive
B4_W1_D5_25062026(14),/lunarc/nobackup/projects/lu2026-2-60/RAM_GDNF_2025/Batch_4_Recordings/Week_1/B4_W1_edf and dat files/W1_D5/B4_W1_D5_25062026(14).edf,Batch_4,1,0,836.7834254221676,845.8253250469331,9.041899624765506,convulsive
B4_W1_D5_25062026(14),/lunarc/nobackup/projects/lu2026-2-60/RAM_GDNF_2025/Batch_4_Recordings/Week_1/B4_W1_edf and dat files/W1_D5/B4_W1_D5_25062026(14).edf,Batch_4,7,6,1390.6944971857415,1396.8389624765482,6.144465290806693,convulsive
B4_W1_D5_25062026(14),/lunarc/nobackup/projects/lu2026-2-60/RAM_GDNF_2025/Batch_4_Recordings/Week_1/B4_W1_edf and dat files/W1_D5/B4_W1_D5_25062026(14).edf,Batch_4,7,6,5155.113326454033,5160.8825572232645,5.769230769231399,convulsive
B4_W1_D5_25062026(14),/lunarc/nobackup/projects/lu2026-2-60/RAM_GDNF_2025/Batch_4_Recordings/Week_1/B4_W1_edf and dat files/W1_D5/B4_W1_D5_25062026(14).edf,Batch_4,7,6,5355.113326454033,5367.167735459662,12.054409005629168,convulsive
B4_W1_D5_25062026(14),/lunarc/nobackup/projects/lu2026-2-60/RAM_GDNF_2025/Batch_4_Recordings/Week_1/B4_W1_edf and dat files/W1_D5/B4_W1_D5_25062026(14).edf,Batch_4,8,7,1651.716839134525,1661.3311382878646,9.614299153339743,convulsive
B4_W1_D5_25062026(14),/lunarc/nobackup/projects/lu2026-2-60/RAM_GDNF_2025/Batch_4_Recordings/Week_1/B4_W1_edf and dat files/W1_D5/B4_W1_D5_25062026(14).edf,Batch_4,8,7,3216.2982126058328,3229.327375352775,13.029162746942347,convulsive
B4_W1_D5_25062026(14),/lunarc/nobackup/projects/lu2026-2-60/RAM_GDNF_2025/Batch_4_Recordings/Week_1/B4_W1_edf and dat files/W1_D5/B4_W1_D5_25062026(14).edf,Batch_4,8,7,3588.1031220435193,3596.1447492904445,8.041627246925145,convulsive
B4_W1_D5_25062026(14),/lunarc/nobackup/projects/lu2026-2-60/RAM_GDNF_2025/Batch_4_Recordings/Week_1/B4_W1_edf and dat files/W1_D5/B4_W1_D5_25062026(14).edf,Batch_4,8,7,4412.653736991485,4420.506149479659,7.8524124881741955,convulsive
B4_W1_D5_25062026(14),/lunarc/nobackup/projects/lu2026-2-60/RAM_GDNF_2025/Batch_4_Recordings/Week_1/B4_W1_edf and dat files/W1_D5/B4_W1_D5_25062026(14).edf,Batch_4,8,7,4890.0402081362345,4899.510406811732,9.47019867549716,convulsive
B4_W1_D5_25062026(14),/lunarc/nobackup/projects/lu2026-2-60/RAM_GDNF_2025/Batch_4_Recordings/Week_1/B4_W1_edf and dat files/W1_D5/B4_W1_D5_25062026(14).edf,Batch_4,8,7,5134.649576669803,5142.3588899341485,7.709313264345837,convulsive
B4_W1_D5_25062026(15),/lunarc/nobackup/projects/lu2026-2-60/RAM_GDNF_2025/Batch_4_Recordings/Week_1/B4_W1_edf and dat files/W1_D5/B4_W1_D5_25062026(15).edf,Batch_4,7,6,326.5409990574929,333.85485391140435,7.313854853911437,convulsive
B4_W1_D5_25062026(15),/lunarc/nobackup/projects/lu2026-2-60/RAM_GDNF_2025/Batch_4_Recordings/Week_1/B4_W1_edf and dat files/W1_D5/B4_W1_D5_25062026(15).edf,Batch_4,7,6,491.8944392082941,501.1687087653157,9.274269557021682,convulsive
B4_W1_D5_25062026(15),/lunarc/nobackup/projects/lu2026-2-60/RAM_GDNF_2025/Batch_4_Recordings/Week_1/B4_W1_edf and dat files/W1_D5/B4_W1_D5_25062026(15).edf,Batch_4,7,6,626.2205466541,630.8199811498587,4.5994344957587145,convulsive
B4_W1_D5_25062026(15),/lunarc/nobackup/projects/lu2026-2-60/RAM_GDNF_2025/Batch_4_Recordings/Week_1/B4_W1_edf and dat files/W1_D5/B4_W1_D5_25062026(15).edf,Batch_4,7,6,5295.345316934721,5304.465468306528,9.120151371806967,convulsive
B4_W1_D5_25062026(15),/lunarc/nobackup/projects/lu2026-2-60/RAM_GDNF_2025/Batch_4_Recordings/Week_1/B4_W1_edf and dat files/W1_D5/B4_W1_D5_25062026(15).edf,Batch_4,8,7,428.44309005628554,437.8239530956852,9.380863039399628,convulsive
B4_W1_D5_25062026(15),/lunarc/nobackup/projects/lu2026-2-60/RAM_GDNF_2025/Batch_4_Recordings/Week_1/B4_W1_edf and dat files/W1_D5/B4_W1_D5_25062026(15).edf,Batch_4,8,7,559.5406510318953,577.6457166979366,18.10506566604124,convulsive
B4_W1_D5_25062026(15),/lunarc/nobackup/projects/lu2026-2-60/RAM_GDNF_2025/Batch_4_Recordings/Week_1/B4_W1_edf and dat files/W1_D5/B4_W1_D5_25062026(15).edf,Batch_4,8,7,638.6494690431523,643.8277054409009,5.178236397748606,convulsive
B4_W1_D5_25062026(15),/lunarc/nobackup/projects/lu2026-2-60/RAM_GDNF_2025/Batch_4_Recordings/Week_1/B4_W1_edf and dat files/W1_D5/B4_W1_D5_25062026(15).edf,Batch_4,8,7,1979.1490000000003,1986.0892985074631,6.940298507462785,convulsive
B4_W1_D5_25062026(15),/lunarc/nobackup/projects/lu2026-2-60/RAM_GDNF_2025/Batch_4_Recordings/Week_1/B4_W1_edf and dat files/W1_D5/B4_W1_D5_25062026(15).edf,Batch_4,8,7,4909.037059701493,4912.395268656716,3.358208955223745,convulsive
B4_W1_D5_25062026(16),/lunarc/nobackup/projects/lu2026-2-60/RAM_GDNF_2025/Batch_4_Recordings/Week_1/B4_W1_edf and dat files/W1_D5/B4_W1_D5_25062026(16).edf,Batch_4,1,0,633.2723808630393,644.4168461538461,11.144465290806806,convulsive
B4_W1_D5_25062026(16),/lunarc/nobackup/projects/lu2026-2-60/RAM_GDNF_2025/Batch_4_Recordings/Week_1/B4_W1_edf and dat files/W1_D5/B4_W1_D5_25062026(16).edf,Batch_4,7,6,1899.0425666041256,1911.6504465290789,12.607879924953068,convulsive
B4_W1_D5_25062026(2),/lunarc/nobackup/projects/lu2026-2-60/RAM_GDNF_2025/Batch_4_Recordings/Week_1/B4_W1_edf and dat files/W1_D5/B4_W1_D5_25062026(2).edf,Batch_4,8,7,1470.2223273415327,1476.5137180700094,6.291390728476699,convulsive
B4_W1_D5_25062026(2),/lunarc/nobackup/projects/lu2026-2-60/RAM_GDNF_2025/Batch_4_Recordings/Week_1/B4_W1_edf and dat files/W1_D5/B4_W1_D5_25062026(2).edf,Batch_4,8,7,3715.9129612109746,3723.519394512772,7.606433301797551,convulsive
B4_W1_D5_25062026(2),/lunarc/nobackup/projects/lu2026-2-60/RAM_GDNF_2025/Batch_4_Recordings/Week_1/B4_W1_edf and dat files/W1_D5/B4_W1_D5_25062026(2).edf,Batch_4,8,7,3877.25305738476,3892.154280338664,14.901222953903924,convulsive
B4_W1_D5_25062026(2),/lunarc/nobackup/projects/lu2026-2-60/RAM_GDNF_2025/Batch_4_Recordings/Week_1/B4_W1_edf and dat files/W1_D5/B4_W1_D5_25062026(2).edf,Batch_4,8,7,4691.693472090823,4700.946073793756,9.252601702933134,convulsive
B4_W1_D5_25062026(2),/lunarc/nobackup/projects/lu2026-2-60/RAM_GDNF_2025/Batch_4_Recordings/Week_1/B4_W1_edf and dat files/W1_D5/B4_W1_D5_25062026(2).edf,Batch_4,8,7,5085.874882408279,5096.175917215428,10.301034807149335,convulsive
B4_W1_D5_25062026(3),/lunarc/nobackup/projects/lu2026-2-60/RAM_GDNF_2025/Batch_4_Recordings/Week_1/B4_W1_edf and dat files/W1_D5/B4_W1_D5_25062026(3).edf,Batch_4,7,6,227.836,241.557,13.720999999999975,convulsive
B4_W1_D5_25062026(3),/lunarc/nobackup/projects/lu2026-2-60/RAM_GDNF_2025/Batch_4_Recordings/Week_1/B4_W1_edf and dat files/W1_D5/B4_W1_D5_25062026(3).edf,Batch_4,7,6,3169.883756097561,3192.1447804878053,22.26102439024407,convulsive
B4_W1_D5_25062026(4),/lunarc/nobackup/projects/lu2026-2-60/RAM_GDNF_2025/Batch_4_Recordings/Week_1/B4_W1_edf and dat files/W1_D5/B4_W1_D5_25062026(4).edf,Batch_4,3,2,4251.472248353716,4257.44590780809,5.973659454373774,
B4_W1_D5_25062026(4),/lunarc/nobackup/projects/lu2026-2-60/RAM_GDNF_2025/Batch_4_Recordings/Week_1/B4_W1_edf and dat files/W1_D5/B4_W1_D5_25062026(4).edf,Batch_4,3,2,4420.145813734713,4425.931326434619,5.785512699906576,
B4_W1_D5_25062026(5),/lunarc/nobackup/projects/lu2026-2-60/RAM_GDNF_2025/Batch_4_Recordings/Week_1/B4_W1_edf and dat files/W1_D5/B4_W1_D5_25062026(5).edf,Batch_4,8,7,3923.006276119403,3929.955902985075,6.9496268656712346,convulsive
B4_W1_D5_25062026(5),/lunarc/nobackup/projects/lu2026-2-60/RAM_GDNF_2025/Batch_4_Recordings/Week_1/B4_W1_edf and dat files/W1_D5/B4_W1_D5_25062026(5).edf,Batch_4,8,7,5227.369037523453,5231.77804315197,4.4090056285176615,convulsive
B4_W1_D6_26062026(1),/lunarc/nobackup/projects/lu2026-2-60/RAM_GDNF_2025/Batch_4_Recordings/Week_1/B4_W1_edf and dat files/W1_D6/B4_W1_D6_26062026(1).edf,Batch_4,7,6,461.8157767354597,470.39926641651033,8.58348968105065,convulsive
B4_W1_D6_26062026(1),/lunarc/nobackup/projects/lu2026-2-60/RAM_GDNF_2025/Batch_4_Recordings/Week_1/B4_W1_edf and dat files/W1_D6/B4_W1_D6_26062026(1).edf,Batch_4,7,6,461.9383991557222,470.1195614446528,8.18116228893058,convulsive
B4_W1_D6_26062026(1),/lunarc/nobackup/projects/lu2026-2-60/RAM_GDNF_2025/Batch_4_Recordings/Week_1/B4_W1_edf and dat files/W1_D6/B4_W1_D6_26062026(1).edf,Batch_4,7,6,688.3859713883675,701.0733353658534,12.687363977485916,convulsive
B4_W1_D6_26062026(1),/lunarc/nobackup/projects/lu2026-2-60/RAM_GDNF_2025/Batch_4_Recordings/Week_1/B4_W1_edf and dat files/W1_D6/B4_W1_D6_26062026(1).edf,Batch_4,7,6,1214.911576454033,1225.3239648217625,10.412388367729818,convulsive
B4_W1_D6_26062026(1),/lunarc/nobackup/projects/lu2026-2-60/RAM_GDNF_2025/Batch_4_Recordings/Week_1/B4_W1_edf and dat files/W1_D6/B4_W1_D6_26062026(1).edf,Batch_4,7,6,1312.7792772045018,1322.491673076922,9.712395872420077,convulsive
B4_W1_D6_26062026(1),/lunarc/nobackup/projects/lu2026-2-60/RAM_GDNF_2025/Batch_4_Recordings/Week_1/B4_W1_edf and dat files/W1_D6/B4_W1_D6_26062026(1).edf,Batch_4,7,6,2371.0950656660407,2382.8399061913688,11.744840525328073,convulsive
B4_W1_D6_26062026(1),/lunarc/nobackup/projects/lu2026-2-60/RAM_GDNF_2025/Batch_4_Recordings/Week_1/B4_W1_edf and dat files/W1_D6/B4_W1_D6_26062026(1).edf,Batch_4,7,6,2663.6613128517824,2685.569,21.90768714821752,convulsive
B4_W1_D6_26062026(10),/lunarc/nobackup/projects/lu2026-2-60/RAM_GDNF_2025/Batch_4_Recordings/Week_1/B4_W1_edf and dat files/W1_D6/B4_W1_D6_26062026(10).edf,Batch_4,1,0,1816.2956509971511,1832.3640270655271,16.068376068375983,convulsive
B4_W1_D6_26062026(10),/lunarc/nobackup/projects/lu2026-2-60/RAM_GDNF_2025/Batch_4_Recordings/Week_1/B4_W1_edf and dat files/W1_D6/B4_W1_D6_26062026(10).edf,Batch_4,1,0,2714.745454033771,2737.2805,22.535045966229063,convulsive
B4_W1_D6_26062026(10),/lunarc/nobackup/projects/lu2026-2-60/RAM_GDNF_2025/Batch_4_Recordings/Week_1/B4_W1_edf and dat files/W1_D6/B4_W1_D6_26062026(10).edf,Batch_4,1,0,4276.936246418338,4310.2425,33.30625358166253,convulsive
B4_W1_D6_26062026(10),/lunarc/nobackup/projects/lu2026-2-60/RAM_GDNF_2025/Batch_4_Recordings/Week_1/B4_W1_edf and dat files/W1_D6/B4_W1_D6_26062026(10).edf,Batch_4,1,0,5286.32,5333.965,47.64500000000044,convulsive
B4_W1_D6_26062026(11),/lunarc/nobackup/projects/lu2026-2-60/RAM_GDNF_2025/Batch_4_Recordings/Week_1/B4_W1_edf and dat files/W1_D6/B4_W1_D6_26062026(11).edf,Batch_4,1,0,1005.121782051282,1090.136027065527,85.01424501424492,convulsive
B4_W1_D6_26062026(11),/lunarc/nobackup/projects/lu2026-2-60/RAM_GDNF_2025/Batch_4_Recordings/Week_1/B4_W1_edf and dat files/W1_D6/B4_W1_D6_26062026(11).edf,Batch_4,1,0,3616.6769145299145,3629.440447293447,12.763532763532568,convulsive
B4_W1_D6_26062026(12),/lunarc/nobackup/projects/lu2026-2-60/RAM_GDNF_2025/Batch_4_Recordings/Week_1/B4_W1_edf and dat files/W1_D6/B4_W1_D6_26062026(12).edf,Batch_4,1,0,472.929,518.9135,45.984500000000025,convulsive
B4_W1_D6_26062026(2),/lunarc/nobackup/projects/lu2026-2-60/RAM_GDNF_2025/Batch_4_Recordings/Week_1/B4_W1_edf and dat files/W1_D6/B4_W1_D6_26062026(2).edf,Batch_4,7,6,3134.4984709193245,3141.308977485929,6.810506566604545,convulsive
B4_W1_D6_26062026(2),/lunarc/nobackup/projects/lu2026-2-60/RAM_GDNF_2025/Batch_4_Recordings/Week_1/B4_W1_edf and dat files/W1_D6/B4_W1_D6_26062026(2).edf,Batch_4,7,6,3345.7323470919328,3353.443416510319,7.71106941838616,convulsive
B4_W1_D6_26062026(3),/lunarc/nobackup/projects/lu2026-2-60/RAM_GDNF_2025/Batch_4_Recordings/Week_1/B4_W1_edf and dat files/W1_D6/B4_W1_D6_26062026(3).edf,Batch_4,7,6,2011.642444652908,2022.7587673545968,11.11632270168866,convulsive
B4_W1_D6_26062026(4),/lunarc/nobackup/projects/lu2026-2-60/RAM_GDNF_2025/Batch_4_Recordings/Week_1/B4_W1_edf and dat files/W1_D6/B4_W1_D6_26062026(4).edf,Batch_4,8,7,39.874879692011554,45.18768046198268,5.312800769971126,
B4_W1_D6_26062026(4),/lunarc/nobackup/projects/lu2026-2-60/RAM_GDNF_2025/Batch_4_Recordings/Week_1/B4_W1_edf and dat files/W1_D6/B4_W1_D6_26062026(4).edf,Batch_4,8,7,1194.0228660287082,1200.577889952153,6.555023923444878,convulsive
B4_W1_D6_26062026(4),/lunarc/nobackup/projects/lu2026-2-60/RAM_GDNF_2025/Batch_4_Recordings/Week_1/B4_W1_edf and dat files/W1_D6/B4_W1_D6_26062026(4).edf,Batch_4,8,7,5367.975344497608,5386.233717703349,18.25837320574101,convulsive
B4_W1_D6_26062026(5),/lunarc/nobackup/projects/lu2026-2-60/RAM_GDNF_2025/Batch_4_Recordings/Week_1/B4_W1_edf and dat files/W1_D6/B4_W1_D6_26062026(5).edf,Batch_4,8,7,2457.834757834758,2465.925925925926,8.091168091168129,convulsive
B4_W1_D6_26062026(5),/lunarc/nobackup/projects/lu2026-2-60/RAM_GDNF_2025/Batch_4_Recordings/Week_1/B4_W1_edf and dat files/W1_D6/B4_W1_D6_26062026(5).edf,Batch_4,8,7,4313.1623931623935,4317.8347578347575,4.672364672363983,convulsive
B4_W1_D6_26062026(6),/lunarc/nobackup/projects/lu2026-2-60/RAM_GDNF_2025/Batch_4_Recordings/Week_1/B4_W1_edf and dat files/W1_D6/B4_W1_D6_26062026(6).edf,Batch_4,8,7,86.08736942070276,96.2488129154796,10.161443494776831,
B4_W1_D6_26062026(6),/lunarc/nobackup/projects/lu2026-2-60/RAM_GDNF_2025/Batch_4_Recordings/Week_1/B4_W1_edf and dat files/W1_D6/B4_W1_D6_26062026(6).edf,Batch_4,8,7,287.4440298507463,293.4514925373134,6.0074626865671235,
B4_W1_D6_26062026(6),/lunarc/nobackup/projects/lu2026-2-60/RAM_GDNF_2025/Batch_4_Recordings/Week_1/B4_W1_edf and dat files/W1_D6/B4_W1_D6_26062026(6).edf,Batch_4,8,7,1240.5539637058262,1249.7230181470868,9.16905444126064,
B4_W1_D6_26062026(6),/lunarc/nobackup/projects/lu2026-2-60/RAM_GDNF_2025/Batch_4_Recordings/Week_1/B4_W1_edf and dat files/W1_D6/B4_W1_D6_26062026(6).edf,Batch_4,8,7,1505.318138651472,1512.269705603039,6.951566951566974,
B4_W1_D6_26062026(6),/lunarc/nobackup/projects/lu2026-2-60/RAM_GDNF_2025/Batch_4_Recordings/Week_1/B4_W1_edf and dat files/W1_D6/B4_W1_D6_26062026(6).edf,Batch_4,8,7,1966.9723018147088,1979.388729703916,12.41642788920717,
B4_W1_D6_26062026(7),/lunarc/nobackup/projects/lu2026-2-60/RAM_GDNF_2025/Batch_4_Recordings/Week_1/B4_W1_edf and dat files/W1_D6/B4_W1_D6_26062026(7).edf,Batch_4,8,7,3550.1234567901233,3562.051282051282,11.927825261158889,
B4_W1_D6_26062026(8),/lunarc/nobackup/projects/lu2026-2-60/RAM_GDNF_2025/Batch_4_Recordings/Week_1/B4_W1_edf and dat files/W1_D6/B4_W1_D6_26062026(8).edf,Batch_4,1,0,1746.4814814814815,1762.340930674264,15.85944919278245,convulsive
