path,batch,n
/lunarc/nobackup/projects/lu2026-2-60/RAM_GDNF_2025/Batch_1_Recordings/Week_1/EDF and Dat Files/W1_D1/B1_W1_D1_04092025(3).edf,1,1
/lunarc/nobackup/projects/lu2026-2-60/RAM_GDNF_2025/Batch_1_Recordings/Week_1/EDF and Dat Files/W1_D5/B1_W1_D5_08092025(12).edf,1,4
/lunarc/nobackup/projects/lu2026-2-60/RAM_GDNF_2025/Batch_1_Recordings/Week_1/EDF and Dat Files/W1_D6/B1_W1_D6_09092025(4).edf,1,2
/lunarc/nobackup/projects/lu2026-2-60/RAM_GDNF_2025/Batch_1_Recordings/Week_2/EDF and Dat Files/W2_D2/B1_W2_D2_12092025(6).edf,1,2
/lunarc/nobackup/projects/lu2026-2-60/RAM_GDNF_2025/Batch_2_Recordings/Week_1/EDF and Dat files/W1_D7/B2_W1_D7_02112025(3).edf,2,11
/lunarc/nobackup/projects/lu2026-2-60/RAM_GDNF_2025/Batch_2_Recordings/Week_3/EDF and Dat Files/W3_D1/B2_W3_D1_10112025(1).edf,2,15
/lunarc/nobackup/projects/lu2026-2-60/RAM_GDNF_2025/Batch_2_Recordings/Week_3/EDF and Dat Files/W3_D5/B2_W3_D5_14112025(15).edf,2,11
/lunarc/nobackup/projects/lu2026-2-60/RAM_GDNF_2025/Batch_2_Recordings/Week_3/EDF and Dat Files/W3_D5/B2_W3_D5_14112025(9).edf,2,13
/lunarc/nobackup/projects/lu2026-2-60/RAM_GDNF_2025/Batch_3_Recordings/Week_1/B3_W1_edf and dat files/W1_D6/B3_W1_D6_19012026(1).edf,3,3
/lunarc/nobackup/projects/lu2026-2-60/RAM_GDNF_2025/Batch_3_Recordings/Week_1/B3_W1_edf and dat files/W1_D6/B3_W1_D6_19012026(14).edf,3,1
/lunarc/nobackup/projects/lu2026-2-60/RAM_GDNF_2025/Batch_3_Recordings/Week_2/B3_W2_edf and dat files/W2_D6/B3_W2_D6_26012026(8).edf,3,1
/lunarc/nobackup/projects/lu2026-2-60/RAM_GDNF_2025/Batch_3_Recordings/Week_3/EDF and Dat files/W3_D5/B3_W3_D6_05022026(5).edf,3,1
/lunarc/nobackup/projects/lu2026-2-60/RAM_GDNF_2025/Batch_4_Recordings/Week_1/B4_W1_edf and dat files/W1_D3/B4_W1_D3_23062026(1).edf,4,5
/lunarc/nobackup/projects/lu2026-2-60/RAM_GDNF_2025/Batch_4_Recordings/Week_1/B4_W1_edf and dat files/W1_D6/B4_W1_D6_26062026(9).edf,4,2
/lunarc/nobackup/projects/lu2026-2-60/RAM_GDNF_2025/Batch_4_Recordings/Week_1/B4_W1_edf and dat files/W1_D7/B4_W1_D7_27062026(6).edf,4,8
/lunarc/nobackup/projects/lu2026-2-60/RAM_GDNF_2025/Batch_4_Recordings/Week_2/B4_W2_edf and dat files/W2_D1/B4_W2_D1_28062026(6).edf,4,4
